# Wavelength(nm) Transmission
1.200000000000000000e+03 1.381999999999999895e-01
1.199799999999999955e+03 1.232899999999999968e-01
1.199599999999999909e+03 1.277899999999999869e-01
1.199400000000000091e+03 1.383099999999999885e-01
1.199200000000000045e+03 1.262800000000000034e-01
1.199000000000000000e+03 1.247999999999999943e-01
1.198799999999999955e+03 1.607800000000000062e-01
1.198599999999999909e+03 1.247599999999999959e-01
1.198400000000000091e+03 1.502999999999999892e-01
1.198200000000000045e+03 1.292399999999999938e-01
1.198000000000000000e+03 1.414600000000000024e-01
1.197799999999999955e+03 1.321599999999999997e-01
1.197599999999999909e+03 1.247899999999999981e-01
1.197400000000000091e+03 1.428000000000000103e-01
1.197200000000000045e+03 1.352700000000000014e-01
1.197000000000000000e+03 1.097000000000000058e-01
1.196799999999999955e+03 1.322099999999999942e-01
1.196599999999999909e+03 1.476200000000000012e-01
1.196400000000000091e+03 1.143200000000000049e-01
1.196200000000000045e+03 1.363499999999999990e-01
1.196000000000000000e+03 1.470400000000000040e-01
1.195799999999999955e+03 1.312000000000000111e-01
1.195599999999999909e+03 1.299899999999999944e-01
1.195400000000000091e+03 1.463200000000000056e-01
1.195200000000000045e+03 1.339400000000000035e-01
1.195000000000000000e+03 1.421600000000000086e-01
1.194799999999999955e+03 1.367899999999999949e-01
1.194599999999999909e+03 1.398999999999999966e-01
1.194400000000000091e+03 1.307800000000000074e-01
1.194200000000000045e+03 1.279399999999999982e-01
1.194000000000000000e+03 1.127200000000000008e-01
1.193799999999999955e+03 1.278400000000000092e-01
1.193599999999999909e+03 1.404600000000000015e-01
1.193400000000000091e+03 1.395099999999999951e-01
1.193200000000000045e+03 1.272000000000000075e-01
1.193000000000000000e+03 1.342200000000000060e-01
1.192799999999999955e+03 1.323799999999999977e-01
1.192599999999999909e+03 1.181999999999999995e-01
1.192400000000000091e+03 1.707500000000000129e-01
1.192200000000000045e+03 1.343999999999999917e-01
1.192000000000000000e+03 1.213100000000000012e-01
1.191799999999999955e+03 1.379499999999999893e-01
1.191599999999999909e+03 1.391799999999999982e-01
1.191400000000000091e+03 1.188099999999999989e-01
1.191200000000000045e+03 1.550199999999999911e-01
1.191000000000000000e+03 1.349299999999999944e-01
1.190799999999999955e+03 1.226700000000000013e-01
1.190599999999999909e+03 1.203499999999999986e-01
1.190400000000000091e+03 1.427499999999999880e-01
1.190200000000000045e+03 1.228599999999999970e-01
1.190000000000000000e+03 1.198499999999999982e-01
1.189799999999999955e+03 1.415800000000000114e-01
1.189599999999999909e+03 1.127699999999999952e-01
1.189400000000000091e+03 1.378099999999999881e-01
1.189200000000000045e+03 1.379700000000000093e-01
1.189000000000000000e+03 1.084799999999999931e-01
1.188799999999999955e+03 1.279399999999999982e-01
1.188599999999999909e+03 1.318699999999999872e-01
1.188400000000000091e+03 1.184599999999999959e-01
1.188200000000000045e+03 1.190599999999999992e-01
1.188000000000000000e+03 1.310000000000000053e-01
1.187799999999999955e+03 1.334200000000000108e-01
1.187599999999999909e+03 1.411399999999999877e-01
1.187400000000000091e+03 1.236600000000000060e-01
1.187200000000000045e+03 1.460799999999999876e-01
1.187000000000000000e+03 1.093800000000000050e-01
1.186799999999999955e+03 1.470400000000000040e-01
1.186599999999999909e+03 1.236600000000000060e-01
1.186400000000000091e+03 1.219200000000000006e-01
1.186200000000000045e+03 1.363099999999999867e-01
1.186000000000000000e+03 1.288300000000000001e-01
1.185799999999999955e+03 1.237199999999999966e-01
1.185599999999999909e+03 1.293400000000000105e-01
1.185400000000000091e+03 1.046300000000000008e-01
1.185200000000000045e+03 1.348999999999999921e-01
1.185000000000000000e+03 1.191799999999999943e-01
1.184799999999999955e+03 1.144300000000000039e-01
1.184599999999999909e+03 1.392599999999999949e-01
1.184400000000000091e+03 1.499900000000000122e-01
1.184200000000000045e+03 1.158099999999999963e-01
1.184000000000000000e+03 1.352299999999999891e-01
1.183799999999999955e+03 1.167099999999999943e-01
1.183599999999999909e+03 1.184100000000000014e-01
1.183400000000000091e+03 1.113600000000000007e-01
1.183200000000000045e+03 1.431600000000000095e-01
1.183000000000000000e+03 1.330300000000000094e-01
1.182799999999999955e+03 1.304500000000000104e-01
1.182599999999999909e+03 1.265199999999999936e-01
1.182400000000000091e+03 1.341400000000000092e-01
1.182200000000000045e+03 1.241400000000000003e-01
1.182000000000000000e+03 1.199899999999999994e-01
1.181799999999999955e+03 1.326600000000000001e-01
1.181599999999999909e+03 1.264000000000000123e-01
1.181400000000000091e+03 1.214200000000000002e-01
1.181200000000000045e+03 1.455500000000000127e-01
1.181000000000000000e+03 1.237899999999999973e-01
1.180799999999999955e+03 1.232899999999999968e-01
1.180599999999999909e+03 1.394199999999999884e-01
1.180400000000000091e+03 1.394199999999999884e-01
1.180200000000000045e+03 1.238100000000000034e-01
1.180000000000000000e+03 1.278900000000000037e-01
1.179799999999999955e+03 1.349799999999999889e-01
1.179599999999999909e+03 1.305499999999999994e-01
1.179400000000000091e+03 1.328000000000000014e-01
1.179200000000000045e+03 1.159599999999999936e-01
1.179000000000000000e+03 1.455299999999999927e-01
1.178799999999999955e+03 1.442400000000000071e-01
1.178599999999999909e+03 1.509500000000000008e-01
1.178400000000000091e+03 1.236199999999999938e-01
1.178200000000000045e+03 1.455700000000000049e-01
1.178000000000000000e+03 1.330399999999999916e-01
1.177799999999999955e+03 1.284299999999999886e-01
1.177599999999999909e+03 1.398000000000000076e-01
1.177400000000000091e+03 1.332899999999999918e-01
1.177200000000000045e+03 1.139199999999999935e-01
1.177000000000000000e+03 1.208499999999999991e-01
1.176799999999999955e+03 1.431199999999999972e-01
1.176599999999999909e+03 1.273400000000000087e-01
1.176400000000000091e+03 1.244999999999999996e-01
1.176200000000000045e+03 1.269399999999999973e-01
1.176000000000000000e+03 1.295699999999999907e-01
1.175799999999999955e+03 1.455100000000000005e-01
1.175599999999999909e+03 1.245799999999999963e-01
1.175400000000000091e+03 1.372200000000000086e-01
1.175200000000000045e+03 1.278499999999999914e-01
1.175000000000000000e+03 1.393999999999999961e-01
1.174799999999999955e+03 1.380599999999999883e-01
1.174599999999999909e+03 1.312699999999999978e-01
1.174400000000000091e+03 1.460100000000000009e-01
1.174200000000000045e+03 1.229599999999999999e-01
1.174000000000000000e+03 1.324899999999999967e-01
1.173799999999999955e+03 1.159499999999999975e-01
1.173599999999999909e+03 1.268199999999999883e-01
1.173400000000000091e+03 1.377700000000000036e-01
1.173200000000000045e+03 1.412899999999999989e-01
1.173000000000000000e+03 1.398600000000000121e-01
1.172799999999999955e+03 1.190500000000000030e-01
1.172599999999999909e+03 1.343999999999999917e-01
1.172400000000000091e+03 1.157399999999999957e-01
1.172200000000000045e+03 1.414199999999999902e-01
1.172000000000000000e+03 1.387799999999999867e-01
1.171799999999999955e+03 1.209800000000000042e-01
1.171599999999999909e+03 1.289299999999999891e-01
1.171400000000000091e+03 1.193899999999999961e-01
1.171200000000000045e+03 1.232499999999999984e-01
1.171000000000000000e+03 1.320199999999999985e-01
1.170799999999999955e+03 1.289800000000000113e-01
1.170599999999999909e+03 1.414100000000000079e-01
1.170400000000000091e+03 1.024899999999999978e-01
1.170200000000000045e+03 1.329799999999999871e-01
1.170000000000000000e+03 1.366100000000000092e-01
1.169799999999999955e+03 1.117100000000000037e-01
1.169599999999999909e+03 1.383900000000000130e-01
1.169400000000000091e+03 1.096199999999999952e-01
1.169200000000000045e+03 1.379799999999999915e-01
1.169000000000000000e+03 1.523599999999999954e-01
1.168799999999999955e+03 1.371100000000000096e-01
1.168599999999999909e+03 1.455599999999999949e-01
1.168400000000000091e+03 1.321199999999999875e-01
1.168200000000000045e+03 1.537699999999999900e-01
1.168000000000000000e+03 1.369299999999999962e-01
1.167799999999999955e+03 1.315699999999999925e-01
1.167599999999999909e+03 1.126999999999999946e-01
1.167400000000000091e+03 1.384100000000000052e-01
1.167200000000000045e+03 1.339899999999999980e-01
1.167000000000000000e+03 1.332500000000000073e-01
1.166799999999999955e+03 1.241000000000000020e-01
1.166599999999999909e+03 1.297800000000000065e-01
1.166400000000000091e+03 1.343600000000000072e-01
1.166200000000000045e+03 1.570100000000000107e-01
1.166000000000000000e+03 1.291299999999999948e-01
1.165799999999999955e+03 1.283499999999999919e-01
1.165599999999999909e+03 1.296100000000000030e-01
1.165400000000000091e+03 1.439699999999999869e-01
1.165200000000000045e+03 1.338499999999999968e-01
1.165000000000000000e+03 1.487900000000000056e-01
1.164799999999999955e+03 1.580699999999999883e-01
1.164599999999999909e+03 1.213800000000000018e-01
1.164400000000000091e+03 1.112400000000000055e-01
1.164200000000000045e+03 1.327599999999999891e-01
1.164000000000000000e+03 1.280999999999999917e-01
1.163799999999999955e+03 1.216399999999999981e-01
1.163599999999999909e+03 1.248800000000000049e-01
1.163400000000000091e+03 1.491000000000000103e-01
1.163200000000000045e+03 1.415299999999999891e-01
1.163000000000000000e+03 1.455799999999999872e-01
1.162799999999999955e+03 1.323600000000000054e-01
1.162599999999999909e+03 1.308999999999999886e-01
1.162400000000000091e+03 1.219500000000000028e-01
1.162200000000000045e+03 1.407499999999999862e-01
1.162000000000000000e+03 1.455100000000000005e-01
1.161799999999999955e+03 1.162500000000000061e-01
1.161599999999999909e+03 1.235799999999999954e-01
1.161400000000000091e+03 1.138500000000000068e-01
1.161200000000000045e+03 1.381600000000000050e-01
1.161000000000000000e+03 1.239200000000000024e-01
1.160799999999999955e+03 1.416499999999999981e-01
1.160599999999999909e+03 1.184299999999999936e-01
1.160400000000000091e+03 1.217000000000000026e-01
1.160200000000000045e+03 1.357899999999999940e-01
1.160000000000000000e+03 1.266299999999999926e-01
1.159799999999999955e+03 1.140199999999999964e-01
1.159599999999999909e+03 1.548799999999999899e-01
1.159400000000000091e+03 1.328600000000000059e-01
1.159200000000000045e+03 1.342599999999999905e-01
1.159000000000000000e+03 1.200900000000000023e-01
1.158799999999999955e+03 1.457400000000000084e-01
1.158599999999999909e+03 1.084200000000000025e-01
1.158400000000000091e+03 1.477400000000000102e-01
1.158200000000000045e+03 1.363000000000000045e-01
1.158000000000000000e+03 1.155899999999999983e-01
1.157799999999999955e+03 1.390099999999999947e-01
1.157599999999999909e+03 1.221300000000000024e-01
1.157400000000000091e+03 1.319500000000000117e-01
1.157200000000000045e+03 1.487900000000000056e-01
1.157000000000000000e+03 1.285300000000000054e-01
1.156799999999999955e+03 1.206799999999999956e-01
1.156599999999999909e+03 1.274500000000000077e-01
1.156400000000000091e+03 1.172600000000000031e-01
1.156200000000000045e+03 1.358600000000000085e-01
1.156000000000000000e+03 1.296700000000000075e-01
1.155799999999999955e+03 1.276500000000000135e-01
1.155599999999999909e+03 1.293300000000000005e-01
1.155400000000000091e+03 1.088800000000000046e-01
1.155200000000000045e+03 1.373900000000000121e-01
1.155000000000000000e+03 1.217799999999999994e-01
1.154799999999999955e+03 1.566899999999999959e-01
1.154599999999999909e+03 1.336600000000000010e-01
1.154400000000000091e+03 1.418300000000000116e-01
1.154200000000000045e+03 1.199999999999999956e-01
1.154000000000000000e+03 1.230600000000000027e-01
1.153799999999999955e+03 1.088800000000000046e-01
1.153599999999999909e+03 1.178000000000000019e-01
1.153400000000000091e+03 1.468000000000000138e-01
1.153200000000000045e+03 1.169599999999999945e-01
1.153000000000000000e+03 1.374100000000000044e-01
1.152799999999999955e+03 1.159400000000000014e-01
1.152599999999999909e+03 1.457600000000000007e-01
1.152400000000000091e+03 1.293100000000000083e-01
1.152200000000000045e+03 1.164099999999999996e-01
1.152000000000000000e+03 1.130599999999999938e-01
1.151799999999999955e+03 1.335000000000000075e-01
1.151599999999999909e+03 1.350399999999999934e-01
1.151400000000000091e+03 1.330000000000000071e-01
1.151200000000000045e+03 1.340699999999999947e-01
1.151000000000000000e+03 1.332800000000000096e-01
1.150799999999999955e+03 1.424300000000000010e-01
1.150599999999999909e+03 1.330099999999999894e-01
1.150400000000000091e+03 1.311499999999999888e-01
1.150200000000000045e+03 1.365500000000000047e-01
1.150000000000000000e+03 1.352599999999999913e-01
1.149799999999999955e+03 1.327800000000000091e-01
1.149599999999999909e+03 1.269399999999999973e-01
1.149400000000000091e+03 1.124600000000000044e-01
1.149200000000000045e+03 1.443599999999999883e-01
1.149000000000000000e+03 1.133200000000000041e-01
1.148799999999999955e+03 1.341799999999999937e-01
1.148599999999999909e+03 1.126100000000000018e-01
1.148400000000000091e+03 1.410200000000000065e-01
1.148200000000000045e+03 1.222199999999999953e-01
1.148000000000000000e+03 1.295499999999999985e-01
1.147799999999999955e+03 1.198400000000000021e-01
1.147599999999999909e+03 1.052300000000000041e-01
1.147400000000000091e+03 1.241799999999999987e-01
1.147200000000000045e+03 1.435899999999999954e-01
1.147000000000000000e+03 1.186900000000000038e-01
1.146799999999999955e+03 1.185599999999999987e-01
1.146599999999999909e+03 1.191900000000000043e-01
1.146400000000000091e+03 1.220699999999999980e-01
1.146200000000000045e+03 1.245799999999999963e-01
1.146000000000000000e+03 1.351799999999999946e-01
1.145799999999999955e+03 1.133099999999999941e-01
1.145599999999999909e+03 1.252900000000000125e-01
1.145400000000000091e+03 1.308499999999999941e-01
1.145200000000000045e+03 1.398099999999999898e-01
1.145000000000000000e+03 1.416699999999999904e-01
1.144799999999999955e+03 1.416100000000000136e-01
1.144599999999999909e+03 1.328000000000000014e-01
1.144400000000000091e+03 1.266100000000000003e-01
1.144200000000000045e+03 1.434100000000000097e-01
1.144000000000000000e+03 1.342200000000000060e-01
1.143799999999999955e+03 1.493599999999999928e-01
1.143599999999999909e+03 1.249600000000000016e-01
1.143400000000000091e+03 1.297999999999999987e-01
1.143200000000000045e+03 1.323999999999999899e-01
1.143000000000000000e+03 1.345099999999999907e-01
1.142799999999999955e+03 1.071499999999999952e-01
1.142599999999999909e+03 1.396000000000000019e-01
1.142400000000000091e+03 1.472999999999999865e-01
1.142200000000000045e+03 1.193899999999999961e-01
1.142000000000000000e+03 1.192700000000000010e-01
1.141799999999999955e+03 1.412799999999999889e-01
1.141599999999999909e+03 1.202099999999999974e-01
1.141400000000000091e+03 1.328999999999999904e-01
1.141200000000000045e+03 1.190800000000000053e-01
1.141000000000000000e+03 1.304099999999999981e-01
1.140799999999999955e+03 1.217099999999999987e-01
1.140599999999999909e+03 1.356700000000000128e-01
1.140400000000000091e+03 1.397700000000000053e-01
1.140200000000000045e+03 1.230500000000000066e-01
1.140000000000000000e+03 1.125199999999999950e-01
1.139799999999999955e+03 1.145700000000000052e-01
1.139599999999999909e+03 1.233500000000000013e-01
1.139400000000000091e+03 1.274800000000000100e-01
1.139200000000000045e+03 1.125199999999999950e-01
1.139000000000000000e+03 1.283499999999999919e-01
1.138799999999999955e+03 1.174400000000000027e-01
1.138599999999999909e+03 1.397899999999999976e-01
1.138400000000000091e+03 1.082300000000000068e-01
1.138200000000000045e+03 1.406300000000000050e-01
1.138000000000000000e+03 1.372299999999999909e-01
1.137799999999999955e+03 1.143399999999999972e-01
1.137599999999999909e+03 1.308600000000000041e-01
1.137400000000000091e+03 1.300600000000000089e-01
1.137200000000000045e+03 1.341600000000000015e-01
1.137000000000000000e+03 1.241499999999999965e-01
1.136799999999999955e+03 1.342899999999999927e-01
1.136599999999999909e+03 1.252999999999999947e-01
1.136400000000000091e+03 1.404799999999999938e-01
1.136200000000000045e+03 1.322599999999999887e-01
1.136000000000000000e+03 1.248999999999999971e-01
1.135799999999999955e+03 1.361799999999999955e-01
1.135599999999999909e+03 1.279700000000000004e-01
1.135400000000000091e+03 1.250100000000000100e-01
1.135200000000000045e+03 1.369100000000000039e-01
1.135000000000000000e+03 1.505900000000000016e-01
1.134799999999999955e+03 1.388600000000000112e-01
1.134599999999999909e+03 1.101099999999999995e-01
1.134400000000000091e+03 1.187300000000000022e-01
1.134200000000000045e+03 1.296599999999999975e-01
1.134000000000000000e+03 1.337099999999999955e-01
1.133799999999999955e+03 1.159599999999999936e-01
1.133599999999999909e+03 1.310600000000000098e-01
1.133400000000000091e+03 1.293999999999999873e-01
1.133200000000000045e+03 1.293499999999999928e-01
1.133000000000000000e+03 1.536800000000000110e-01
1.132799999999999955e+03 1.324500000000000122e-01
1.132599999999999909e+03 1.329400000000000026e-01
1.132400000000000091e+03 1.259899999999999909e-01
1.132200000000000045e+03 1.479900000000000104e-01
1.132000000000000000e+03 1.161100000000000049e-01
1.131799999999999955e+03 1.276599999999999957e-01
1.131599999999999909e+03 1.247599999999999959e-01
1.131400000000000091e+03 1.448599999999999888e-01
1.131200000000000045e+03 1.237300000000000066e-01
1.131000000000000000e+03 1.155199999999999977e-01
1.130799999999999955e+03 1.195699999999999957e-01
1.130599999999999909e+03 1.063899999999999985e-01
1.130400000000000091e+03 1.358900000000000108e-01
1.130200000000000045e+03 1.101000000000000034e-01
1.130000000000000000e+03 1.193300000000000055e-01
1.129799999999999955e+03 1.384199999999999875e-01
1.129599999999999909e+03 1.386300000000000032e-01
1.129400000000000091e+03 1.264899999999999913e-01
1.129200000000000045e+03 1.295499999999999985e-01
1.129000000000000000e+03 1.340300000000000102e-01
1.128799999999999955e+03 1.383600000000000108e-01
1.128599999999999909e+03 1.130800000000000000e-01
1.128400000000000091e+03 1.220299999999999996e-01
1.128200000000000045e+03 1.477100000000000080e-01
1.128000000000000000e+03 1.386600000000000055e-01
1.127799999999999955e+03 1.266400000000000026e-01
1.127599999999999909e+03 1.221899999999999931e-01
1.127400000000000091e+03 1.282000000000000084e-01
1.127200000000000045e+03 1.387299999999999922e-01
1.127000000000000000e+03 1.205800000000000066e-01
1.126799999999999955e+03 1.175699999999999940e-01
1.126599999999999909e+03 1.386400000000000132e-01
1.126400000000000091e+03 1.432700000000000085e-01
1.126200000000000045e+03 1.282899999999999874e-01
1.126000000000000000e+03 1.374299999999999966e-01
1.125799999999999955e+03 1.356999999999999873e-01
1.125599999999999909e+03 1.204299999999999954e-01
1.125400000000000091e+03 1.038099999999999995e-01
1.125200000000000045e+03 1.493700000000000028e-01
1.125000000000000000e+03 1.247899999999999981e-01
1.124799999999999955e+03 1.283100000000000074e-01
1.124599999999999909e+03 1.218599999999999961e-01
1.124400000000000091e+03 1.373300000000000076e-01
1.124200000000000045e+03 1.368499999999999994e-01
1.124000000000000000e+03 1.282300000000000106e-01
1.123799999999999955e+03 1.323699999999999877e-01
1.123599999999999909e+03 1.284099999999999964e-01
1.123400000000000091e+03 1.503800000000000137e-01
1.123200000000000045e+03 1.282300000000000106e-01
1.123000000000000000e+03 1.374199999999999866e-01
1.122799999999999955e+03 1.567900000000000127e-01
1.122599999999999909e+03 1.324500000000000122e-01
1.122400000000000091e+03 1.506899999999999906e-01
1.122200000000000045e+03 1.084699999999999970e-01
1.122000000000000000e+03 1.385699999999999987e-01
1.121799999999999955e+03 1.146299999999999958e-01
1.121599999999999909e+03 1.414300000000000002e-01
1.121400000000000091e+03 1.431699999999999917e-01
1.121200000000000045e+03 1.262300000000000089e-01
1.121000000000000000e+03 1.236199999999999938e-01
1.120799999999999955e+03 1.307500000000000051e-01
1.120599999999999909e+03 1.205600000000000005e-01
1.120400000000000091e+03 1.371499999999999941e-01
1.120200000000000045e+03 1.221399999999999986e-01
1.120000000000000000e+03 1.221700000000000008e-01
1.119799999999999955e+03 1.252099999999999880e-01
1.119599999999999909e+03 1.236899999999999944e-01
1.119400000000000091e+03 1.161699999999999955e-01
1.119200000000000045e+03 1.222300000000000053e-01
1.119000000000000000e+03 1.266200000000000103e-01
1.118799999999999955e+03 1.278499999999999914e-01
1.118599999999999909e+03 1.459300000000000042e-01
1.118400000000000091e+03 1.145800000000000013e-01
1.118200000000000045e+03 1.418000000000000094e-01
1.118000000000000000e+03 1.293700000000000128e-01
1.117799999999999955e+03 1.263900000000000023e-01
1.117599999999999909e+03 1.249399999999999955e-01
1.117400000000000091e+03 1.264500000000000068e-01
1.117200000000000045e+03 1.430700000000000027e-01
1.117000000000000000e+03 1.325300000000000089e-01
1.116799999999999955e+03 1.341199999999999892e-01
1.116599999999999909e+03 1.205600000000000005e-01
1.116400000000000091e+03 1.266200000000000103e-01
1.116200000000000045e+03 1.416000000000000036e-01
1.116000000000000000e+03 1.298199999999999910e-01
1.115799999999999955e+03 1.305600000000000094e-01
1.115599999999999909e+03 1.387700000000000045e-01
1.115400000000000091e+03 1.204199999999999993e-01
1.115200000000000045e+03 1.373399999999999899e-01
1.115000000000000000e+03 1.309700000000000031e-01
1.114799999999999955e+03 1.117500000000000021e-01
1.114599999999999909e+03 1.173899999999999944e-01
1.114400000000000091e+03 1.373399999999999899e-01
1.114200000000000045e+03 1.324400000000000022e-01
1.114000000000000000e+03 1.341100000000000070e-01
1.113799999999999955e+03 1.341499999999999915e-01
1.113599999999999909e+03 1.307399999999999951e-01
1.113400000000000091e+03 1.355800000000000061e-01
1.113200000000000045e+03 1.172399999999999970e-01
1.113000000000000000e+03 1.476800000000000057e-01
1.112799999999999955e+03 1.158300000000000024e-01
1.112599999999999909e+03 1.266700000000000048e-01
1.112400000000000091e+03 1.219299999999999967e-01
1.112200000000000045e+03 1.296200000000000130e-01
1.112000000000000000e+03 1.130800000000000000e-01
1.111799999999999955e+03 1.312000000000000111e-01
1.111599999999999909e+03 1.387500000000000122e-01
1.111400000000000091e+03 1.191299999999999998e-01
1.111200000000000045e+03 1.234800000000000064e-01
1.111000000000000000e+03 1.175999999999999962e-01
1.110799999999999955e+03 1.370399999999999952e-01
1.110599999999999909e+03 1.188499999999999973e-01
1.110400000000000091e+03 1.203899999999999970e-01
1.110200000000000045e+03 1.518799999999999872e-01
1.110000000000000000e+03 1.144400000000000001e-01
1.109799999999999955e+03 1.248299999999999965e-01
1.109599999999999909e+03 1.430899999999999950e-01
1.109400000000000091e+03 1.142200000000000021e-01
1.109200000000000045e+03 1.382400000000000018e-01
1.109000000000000000e+03 1.280900000000000094e-01
1.108799999999999955e+03 1.191600000000000020e-01
1.108599999999999909e+03 1.339200000000000113e-01
1.108400000000000091e+03 1.248800000000000049e-01
1.108200000000000045e+03 1.293100000000000083e-01
1.108000000000000000e+03 1.342000000000000137e-01
1.107799999999999955e+03 1.379900000000000015e-01
1.107599999999999909e+03 1.338999999999999913e-01
1.107400000000000091e+03 1.176200000000000023e-01
1.107200000000000045e+03 1.309599999999999931e-01
1.107000000000000000e+03 1.370500000000000052e-01
1.106799999999999955e+03 1.204999999999999960e-01
1.106599999999999909e+03 1.280000000000000027e-01
1.106400000000000091e+03 1.189899999999999985e-01
1.106200000000000045e+03 1.275600000000000067e-01
1.106000000000000000e+03 1.364799999999999902e-01
1.105799999999999955e+03 1.203999999999999931e-01
1.105599999999999909e+03 1.235200000000000048e-01
1.105400000000000091e+03 1.380899999999999905e-01
1.105200000000000045e+03 1.231799999999999978e-01
1.105000000000000000e+03 1.174899999999999972e-01
1.104799999999999955e+03 1.278900000000000037e-01
1.104599999999999909e+03 1.217599999999999932e-01
1.104400000000000091e+03 1.411699999999999899e-01
1.104200000000000045e+03 1.413200000000000012e-01
1.104000000000000000e+03 1.209500000000000020e-01
1.103799999999999955e+03 1.293199999999999905e-01
1.103599999999999909e+03 1.040500000000000036e-01
1.103400000000000091e+03 1.309800000000000131e-01
1.103200000000000045e+03 1.356100000000000083e-01
1.103000000000000000e+03 1.130499999999999977e-01
1.102799999999999955e+03 1.447400000000000075e-01
1.102599999999999909e+03 1.161399999999999932e-01
1.102400000000000091e+03 1.444699999999999873e-01
1.102200000000000045e+03 1.229599999999999999e-01
1.102000000000000000e+03 1.434600000000000042e-01
1.101799999999999955e+03 1.292999999999999983e-01
1.101599999999999909e+03 1.182300000000000018e-01
1.101400000000000091e+03 1.175400000000000056e-01
1.101200000000000045e+03 1.389100000000000057e-01
1.101000000000000000e+03 1.186299999999999993e-01
1.100799999999999955e+03 1.139600000000000057e-01
1.100599999999999909e+03 1.370699999999999974e-01
1.100400000000000091e+03 1.421300000000000063e-01
1.100200000000000045e+03 1.287800000000000056e-01
1.100000000000000000e+03 1.419199999999999906e-01
1.099799999999999955e+03 1.463000000000000134e-01
1.099599999999999909e+03 1.464499999999999968e-01
1.099400000000000091e+03 1.285300000000000054e-01
1.099200000000000045e+03 8.976199999999999457e-02
1.099000000000000000e+03 1.533899999999999986e-01
1.098799999999999955e+03 1.300900000000000112e-01
1.098599999999999909e+03 1.166900000000000021e-01
1.098400000000000091e+03 1.361400000000000110e-01
1.098200000000000045e+03 1.478599999999999914e-01
1.098000000000000000e+03 1.241700000000000026e-01
1.097799999999999955e+03 1.312899999999999900e-01
1.097599999999999909e+03 1.243100000000000038e-01
1.097400000000000091e+03 1.160199999999999981e-01
1.097200000000000045e+03 1.252699999999999925e-01
1.097000000000000000e+03 1.247100000000000014e-01
1.096799999999999955e+03 1.283199999999999896e-01
1.096599999999999909e+03 1.038700000000000040e-01
1.096400000000000091e+03 1.290399999999999880e-01
1.096200000000000045e+03 1.230799999999999950e-01
1.096000000000000000e+03 1.320399999999999907e-01
1.095799999999999955e+03 1.234299999999999981e-01
1.095599999999999909e+03 1.125199999999999950e-01
1.095400000000000091e+03 1.200399999999999939e-01
1.095200000000000045e+03 1.264699999999999991e-01
1.095000000000000000e+03 1.377299999999999913e-01
1.094799999999999955e+03 1.302000000000000102e-01
1.094599999999999909e+03 1.196500000000000064e-01
1.094400000000000091e+03 1.424199999999999910e-01
1.094200000000000045e+03 1.262300000000000089e-01
1.094000000000000000e+03 1.243200000000000000e-01
1.093799999999999955e+03 1.155299999999999938e-01
1.093599999999999909e+03 1.195299999999999974e-01
1.093400000000000091e+03 1.173199999999999937e-01
1.093200000000000045e+03 1.386199999999999932e-01
1.093000000000000000e+03 1.250000000000000000e-01
1.092799999999999955e+03 1.183400000000000007e-01
1.092599999999999909e+03 1.296299999999999952e-01
1.092400000000000091e+03 1.309500000000000108e-01
1.092200000000000045e+03 9.552599999999999980e-02
1.092000000000000000e+03 1.319099999999999995e-01
1.091799999999999955e+03 1.205600000000000005e-01
1.091599999999999909e+03 1.094799999999999940e-01
1.091400000000000091e+03 1.498500000000000110e-01
1.091200000000000045e+03 1.078999999999999959e-01
1.091000000000000000e+03 1.417299999999999949e-01
1.090799999999999955e+03 1.082000000000000045e-01
1.090599999999999909e+03 1.320099999999999885e-01
1.090400000000000091e+03 1.331900000000000028e-01
1.090200000000000045e+03 1.266899999999999971e-01
1.090000000000000000e+03 1.220600000000000018e-01
1.089799999999999955e+03 1.361799999999999955e-01
1.089599999999999909e+03 1.408999999999999975e-01
1.089400000000000091e+03 1.327099999999999946e-01
1.089200000000000045e+03 1.321499999999999897e-01
1.089000000000000000e+03 1.152600000000000013e-01
1.088799999999999955e+03 1.229299999999999976e-01
1.088599999999999909e+03 1.402100000000000013e-01
1.088400000000000091e+03 1.142699999999999966e-01
1.088200000000000045e+03 1.331400000000000083e-01
1.088000000000000000e+03 1.214599999999999985e-01
1.087799999999999955e+03 1.412100000000000022e-01
1.087599999999999909e+03 1.021500000000000047e-01
1.087400000000000091e+03 1.510400000000000076e-01
1.087200000000000045e+03 1.409499999999999920e-01
1.087000000000000000e+03 1.413899999999999879e-01
1.086799999999999955e+03 1.241000000000000020e-01
1.086599999999999909e+03 1.367400000000000004e-01
1.086400000000000091e+03 1.156599999999999989e-01
1.086200000000000045e+03 1.427599999999999980e-01
1.086000000000000000e+03 1.383300000000000085e-01
1.085799999999999955e+03 1.068299999999999944e-01
1.085599999999999909e+03 1.138900000000000051e-01
1.085400000000000091e+03 1.532399999999999873e-01
1.085200000000000045e+03 1.286400000000000043e-01
1.085000000000000000e+03 1.111700000000000049e-01
1.084799999999999955e+03 1.381400000000000128e-01
1.084599999999999909e+03 1.275000000000000022e-01
1.084400000000000091e+03 1.306499999999999884e-01
1.084200000000000045e+03 1.307200000000000029e-01
1.084000000000000000e+03 1.245200000000000057e-01
1.083799999999999955e+03 1.128399999999999959e-01
1.083599999999999909e+03 1.170299999999999951e-01
1.083400000000000091e+03 1.218100000000000016e-01
1.083200000000000045e+03 1.474600000000000077e-01
1.083000000000000000e+03 1.277899999999999869e-01
1.082799999999999955e+03 1.319400000000000017e-01
1.082599999999999909e+03 1.156800000000000050e-01
1.082400000000000091e+03 1.079500000000000043e-01
1.082200000000000045e+03 1.398899999999999866e-01
1.082000000000000000e+03 1.513599999999999945e-01
1.081799999999999955e+03 1.143099999999999949e-01
1.081599999999999909e+03 1.215200000000000030e-01
1.081400000000000091e+03 1.217000000000000026e-01
1.081200000000000045e+03 1.307699999999999974e-01
1.081000000000000000e+03 1.128200000000000036e-01
1.080799999999999955e+03 1.228299999999999947e-01
1.080599999999999909e+03 1.427799999999999903e-01
1.080400000000000091e+03 1.199699999999999933e-01
1.080200000000000045e+03 1.337599999999999900e-01
1.080000000000000000e+03 1.275999999999999912e-01
1.079799999999999955e+03 1.200999999999999984e-01
1.079599999999999909e+03 1.245900000000000063e-01
1.079400000000000091e+03 1.408000000000000085e-01
1.079200000000000045e+03 1.473299999999999887e-01
1.079000000000000000e+03 1.198000000000000037e-01
1.078799999999999955e+03 1.411000000000000032e-01
1.078599999999999909e+03 1.229200000000000015e-01
1.078400000000000091e+03 1.217599999999999932e-01
1.078200000000000045e+03 1.398000000000000076e-01
1.078000000000000000e+03 1.111599999999999949e-01
1.077799999999999955e+03 1.183799999999999991e-01
1.077599999999999909e+03 1.426399999999999890e-01
1.077400000000000091e+03 1.288100000000000078e-01
1.077200000000000045e+03 1.108699999999999963e-01
1.077000000000000000e+03 1.319099999999999995e-01
1.076799999999999955e+03 1.112100000000000033e-01
1.076599999999999909e+03 1.260199999999999931e-01
1.076400000000000091e+03 1.347500000000000087e-01
1.076200000000000045e+03 1.246300000000000047e-01
1.076000000000000000e+03 1.126500000000000001e-01
1.075799999999999955e+03 1.427599999999999980e-01
1.075599999999999909e+03 1.202799999999999980e-01
1.075400000000000091e+03 1.244699999999999973e-01
1.075200000000000045e+03 1.337500000000000078e-01
1.075000000000000000e+03 1.274200000000000055e-01
1.074799999999999955e+03 1.150800000000000017e-01
1.074599999999999909e+03 1.368300000000000072e-01
1.074400000000000091e+03 1.351999999999999869e-01
1.074200000000000045e+03 1.303199999999999914e-01
1.074000000000000000e+03 1.239299999999999985e-01
1.073799999999999955e+03 1.137699999999999961e-01
1.073599999999999909e+03 1.307599999999999874e-01
1.073400000000000091e+03 1.178700000000000025e-01
1.073200000000000045e+03 1.315000000000000058e-01
1.073000000000000000e+03 1.171699999999999964e-01
1.072799999999999955e+03 1.235399999999999970e-01
1.072599999999999909e+03 1.346199999999999897e-01
1.072400000000000091e+03 1.104600000000000026e-01
1.072200000000000045e+03 1.423699999999999966e-01
1.072000000000000000e+03 1.062000000000000027e-01
1.071799999999999955e+03 1.380300000000000138e-01
1.071599999999999909e+03 1.274899999999999922e-01
1.071400000000000091e+03 1.481599999999999862e-01
1.071200000000000045e+03 1.156500000000000028e-01
1.071000000000000000e+03 1.304200000000000081e-01
1.070799999999999955e+03 1.451999999999999957e-01
1.070599999999999909e+03 1.049900000000000000e-01
1.070400000000000091e+03 1.322399999999999964e-01
1.070200000000000045e+03 1.294200000000000073e-01
1.070000000000000000e+03 1.195900000000000019e-01
1.069799999999999955e+03 1.350999999999999979e-01
1.069599999999999909e+03 1.335300000000000098e-01
1.069400000000000091e+03 1.387700000000000045e-01
1.069200000000000045e+03 1.270100000000000118e-01
1.069000000000000000e+03 1.320099999999999885e-01
1.068799999999999955e+03 1.391999999999999904e-01
1.068599999999999909e+03 1.493200000000000083e-01
1.068400000000000091e+03 1.402700000000000058e-01
1.068200000000000045e+03 1.112999999999999962e-01
1.068000000000000000e+03 1.306100000000000039e-01
1.067799999999999955e+03 1.180500000000000022e-01
1.067599999999999909e+03 1.346900000000000042e-01
1.067400000000000091e+03 1.181100000000000066e-01
1.067200000000000045e+03 1.365200000000000025e-01
1.067000000000000000e+03 1.339599999999999957e-01
1.066799999999999955e+03 1.331700000000000106e-01
1.066599999999999909e+03 1.378000000000000058e-01
1.066400000000000091e+03 1.124300000000000022e-01
1.066200000000000045e+03 1.446199999999999986e-01
1.066000000000000000e+03 1.414799999999999947e-01
1.065799999999999955e+03 1.076700000000000018e-01
1.065599999999999909e+03 1.139700000000000019e-01
1.065400000000000091e+03 1.155499999999999999e-01
1.065200000000000045e+03 1.306400000000000061e-01
1.065000000000000000e+03 1.375800000000000078e-01
1.064799999999999955e+03 1.092599999999999960e-01
1.064599999999999909e+03 1.349100000000000021e-01
1.064400000000000091e+03 1.227300000000000058e-01
1.064200000000000045e+03 1.151999999999999968e-01
1.064000000000000000e+03 1.454699999999999882e-01
1.063799999999999955e+03 1.560199999999999920e-01
1.063599999999999909e+03 1.154799999999999993e-01
1.063400000000000091e+03 1.364400000000000057e-01
1.063200000000000045e+03 1.198300000000000060e-01
1.063000000000000000e+03 1.348999999999999921e-01
1.062799999999999955e+03 1.313699999999999868e-01
1.062599999999999909e+03 1.096300000000000052e-01
1.062400000000000091e+03 1.422299999999999953e-01
1.062200000000000045e+03 1.411499999999999977e-01
1.062000000000000000e+03 1.330900000000000138e-01
1.061799999999999955e+03 1.304800000000000126e-01
1.061599999999999909e+03 1.216300000000000020e-01
1.061400000000000091e+03 1.316599999999999993e-01
1.061200000000000045e+03 1.303199999999999914e-01
1.061000000000000000e+03 1.333799999999999986e-01
1.060799999999999955e+03 1.407799999999999885e-01
1.060599999999999909e+03 1.259500000000000064e-01
1.060400000000000091e+03 1.110700000000000021e-01
1.060200000000000045e+03 1.331700000000000106e-01
1.060000000000000000e+03 1.362299999999999900e-01
1.059799999999999955e+03 1.302899999999999892e-01
1.059599999999999909e+03 1.122900000000000009e-01
1.059400000000000091e+03 1.169100000000000000e-01
1.059200000000000045e+03 1.364799999999999902e-01
1.059000000000000000e+03 1.200999999999999984e-01
1.058799999999999955e+03 1.213800000000000018e-01
1.058599999999999909e+03 1.328600000000000059e-01
1.058400000000000091e+03 1.284700000000000009e-01
1.058200000000000045e+03 1.199500000000000011e-01
1.058000000000000000e+03 1.258700000000000097e-01
1.057799999999999955e+03 1.167500000000000066e-01
1.057599999999999909e+03 1.390200000000000047e-01
1.057400000000000091e+03 1.151200000000000001e-01
1.057200000000000045e+03 1.171399999999999941e-01
1.057000000000000000e+03 1.089299999999999990e-01
1.056799999999999955e+03 1.265799999999999981e-01
1.056599999999999909e+03 1.292899999999999883e-01
1.056400000000000091e+03 1.399100000000000066e-01
1.056200000000000045e+03 1.240099999999999952e-01
1.056000000000000000e+03 1.087199999999999972e-01
1.055799999999999955e+03 1.215200000000000030e-01
1.055599999999999909e+03 1.322699999999999987e-01
1.055400000000000091e+03 1.015999999999999959e-01
1.055200000000000045e+03 1.343100000000000127e-01
1.055000000000000000e+03 1.273499999999999910e-01
1.054799999999999955e+03 1.235300000000000009e-01
1.054599999999999909e+03 1.383099999999999885e-01
1.054400000000000091e+03 1.010000000000000064e-01
1.054200000000000045e+03 1.066899999999999932e-01
1.054000000000000000e+03 1.340399999999999925e-01
1.053799999999999955e+03 1.352399999999999991e-01
1.053599999999999909e+03 1.299700000000000022e-01
1.053400000000000091e+03 1.259599999999999886e-01
1.053200000000000045e+03 1.377099999999999991e-01
1.053000000000000000e+03 1.355399999999999938e-01
1.052799999999999955e+03 1.313600000000000045e-01
1.052599999999999909e+03 1.095900000000000069e-01
1.052400000000000091e+03 1.257000000000000062e-01
1.052200000000000045e+03 1.413699999999999957e-01
1.052000000000000000e+03 1.355699999999999961e-01
1.051799999999999955e+03 1.303700000000000137e-01
1.051599999999999909e+03 1.375899999999999901e-01
1.051400000000000091e+03 1.238199999999999995e-01
1.051200000000000045e+03 1.330000000000000071e-01
1.051000000000000000e+03 1.455599999999999949e-01
1.050799999999999955e+03 1.439499999999999946e-01
1.050599999999999909e+03 1.491099999999999925e-01
1.050400000000000091e+03 1.238999999999999962e-01
1.050200000000000045e+03 1.362400000000000000e-01
1.050000000000000000e+03 1.255999999999999894e-01
1.049799999999999955e+03 1.297999999999999987e-01
1.049599999999999909e+03 1.346299999999999997e-01
1.049400000000000091e+03 1.262399999999999911e-01
1.049200000000000045e+03 1.267800000000000038e-01
1.049000000000000000e+03 1.394199999999999884e-01
1.048799999999999955e+03 1.289399999999999991e-01
1.048599999999999909e+03 1.168000000000000010e-01
1.048400000000000091e+03 1.286799999999999888e-01
1.048200000000000045e+03 1.330000000000000071e-01
1.048000000000000000e+03 1.433300000000000129e-01
1.047799999999999955e+03 1.257199999999999984e-01
1.047599999999999909e+03 1.526899999999999924e-01
1.047400000000000091e+03 1.319200000000000095e-01
1.047200000000000045e+03 1.469900000000000095e-01
1.047000000000000000e+03 1.317300000000000137e-01
1.046799999999999955e+03 1.241099999999999981e-01
1.046599999999999909e+03 1.344299999999999939e-01
1.046400000000000091e+03 1.394199999999999884e-01
1.046200000000000045e+03 1.301400000000000057e-01
1.046000000000000000e+03 1.259599999999999886e-01
1.045799999999999955e+03 1.181500000000000050e-01
1.045599999999999909e+03 1.510499999999999898e-01
1.045400000000000091e+03 1.287500000000000033e-01
1.045200000000000045e+03 1.332399999999999973e-01
1.045000000000000000e+03 1.316499999999999893e-01
1.044799999999999955e+03 1.124799999999999967e-01
1.044599999999999909e+03 1.195800000000000057e-01
1.044400000000000091e+03 1.109099999999999947e-01
1.044200000000000045e+03 1.286499999999999866e-01
1.044000000000000000e+03 1.364900000000000002e-01
1.043799999999999955e+03 1.063000000000000056e-01
1.043599999999999909e+03 1.451600000000000112e-01
1.043400000000000091e+03 1.254000000000000115e-01
1.043200000000000045e+03 1.256299999999999917e-01
1.043000000000000000e+03 1.138099999999999945e-01
1.042799999999999955e+03 1.243100000000000038e-01
1.042599999999999909e+03 1.305000000000000049e-01
1.042400000000000091e+03 1.437199999999999867e-01
1.042200000000000045e+03 1.194299999999999945e-01
1.042000000000000000e+03 1.297800000000000065e-01
1.041799999999999955e+03 1.288199999999999901e-01
1.041599999999999909e+03 1.411900000000000099e-01
1.041400000000000091e+03 1.209500000000000020e-01
1.041200000000000045e+03 1.306400000000000061e-01
1.041000000000000000e+03 1.407299999999999940e-01
1.040799999999999955e+03 1.213700000000000057e-01
1.040599999999999909e+03 1.463899999999999924e-01
1.040400000000000091e+03 1.269200000000000050e-01
1.040200000000000045e+03 1.255000000000000004e-01
1.040000000000000000e+03 1.320000000000000062e-01
1.039799999999999955e+03 1.311499999999999888e-01
1.039599999999999909e+03 1.406000000000000028e-01
1.039400000000000091e+03 1.062099999999999989e-01
1.039200000000000045e+03 1.275499999999999967e-01
1.039000000000000000e+03 1.233000000000000068e-01
1.038799999999999955e+03 1.318199999999999927e-01
1.038599999999999909e+03 1.386600000000000055e-01
1.038400000000000091e+03 1.211900000000000061e-01
1.038200000000000045e+03 1.132900000000000018e-01
1.038000000000000000e+03 1.429900000000000060e-01
1.037799999999999955e+03 1.378199999999999981e-01
1.037599999999999909e+03 1.381799999999999973e-01
1.037400000000000091e+03 1.160000000000000059e-01
1.037200000000000045e+03 1.270499999999999963e-01
1.037000000000000000e+03 1.275100000000000122e-01
1.036799999999999955e+03 1.063400000000000040e-01
1.036599999999999909e+03 1.279700000000000004e-01
1.036400000000000091e+03 1.239800000000000069e-01
1.036200000000000045e+03 1.243299999999999961e-01
1.036000000000000000e+03 1.407400000000000040e-01
1.035799999999999955e+03 1.131700000000000067e-01
1.035599999999999909e+03 1.351799999999999946e-01
1.035400000000000091e+03 1.268199999999999883e-01
1.035200000000000045e+03 1.379700000000000093e-01
1.035000000000000000e+03 1.355500000000000038e-01
1.034799999999999955e+03 1.181399999999999950e-01
1.034599999999999909e+03 1.165500000000000008e-01
1.034400000000000091e+03 1.302000000000000102e-01
1.034200000000000045e+03 1.273400000000000087e-01
1.034000000000000000e+03 1.260300000000000031e-01
1.033799999999999955e+03 1.311299999999999966e-01
1.033599999999999909e+03 1.378800000000000026e-01
1.033400000000000091e+03 1.330199999999999994e-01
1.033200000000000045e+03 1.334299999999999931e-01
1.033000000000000000e+03 1.257800000000000029e-01
1.032799999999999955e+03 1.455299999999999927e-01
1.032599999999999909e+03 9.257799999999999363e-02
1.032400000000000091e+03 1.198300000000000060e-01
1.032200000000000045e+03 1.451600000000000112e-01
1.032000000000000000e+03 1.155199999999999977e-01
1.031799999999999955e+03 1.300999999999999934e-01
1.031599999999999909e+03 1.406499999999999972e-01
1.031400000000000091e+03 1.275300000000000045e-01
1.031200000000000045e+03 1.259500000000000064e-01
1.031000000000000000e+03 1.209500000000000020e-01
1.030799999999999955e+03 1.329899999999999971e-01
1.030599999999999909e+03 1.149499999999999966e-01
1.030400000000000091e+03 1.317899999999999905e-01
1.030200000000000045e+03 1.359100000000000030e-01
1.030000000000000000e+03 1.265499999999999958e-01
1.029799999999999955e+03 1.169000000000000039e-01
1.029599999999999909e+03 1.289899999999999936e-01
1.029400000000000091e+03 1.373399999999999899e-01
1.029200000000000045e+03 1.150000000000000050e-01
1.029000000000000000e+03 1.015199999999999991e-01
1.028799999999999955e+03 1.100300000000000028e-01
1.028599999999999909e+03 1.490400000000000058e-01
1.028400000000000091e+03 1.252999999999999947e-01
1.028200000000000045e+03 1.239800000000000069e-01
1.028000000000000000e+03 1.215900000000000036e-01
1.027799999999999955e+03 1.344100000000000017e-01
1.027599999999999909e+03 1.159199999999999953e-01
1.027400000000000091e+03 1.243400000000000061e-01
1.027200000000000045e+03 1.365899999999999892e-01
1.027000000000000000e+03 1.208499999999999991e-01
1.026799999999999955e+03 1.401900000000000091e-01
1.026599999999999909e+03 1.239299999999999985e-01
1.026400000000000091e+03 1.137299999999999978e-01
1.026200000000000045e+03 1.158200000000000063e-01
1.026000000000000000e+03 1.314700000000000035e-01
1.025799999999999955e+03 1.266299999999999926e-01
1.025599999999999909e+03 1.298700000000000132e-01
1.025400000000000091e+03 1.174999999999999933e-01
1.025200000000000045e+03 1.331900000000000028e-01
1.025000000000000000e+03 1.265799999999999981e-01
1.024799999999999955e+03 1.194299999999999945e-01
1.024599999999999909e+03 1.356499999999999928e-01
1.024400000000000091e+03 1.195900000000000019e-01
1.024200000000000045e+03 1.373399999999999899e-01
1.024000000000000000e+03 1.288400000000000101e-01
1.023799999999999955e+03 9.724700000000000011e-02
1.023600000000000023e+03 1.304599999999999926e-01
1.023399999999999977e+03 1.209500000000000020e-01
1.023200000000000045e+03 1.112199999999999994e-01
1.023000000000000000e+03 1.056499999999999939e-01
1.022799999999999955e+03 1.274700000000000000e-01
1.022600000000000023e+03 1.540199999999999902e-01
1.022399999999999977e+03 1.168199999999999933e-01
1.022200000000000045e+03 1.407100000000000017e-01
1.022000000000000000e+03 1.075699999999999990e-01
1.021799999999999955e+03 1.396100000000000119e-01
1.021600000000000023e+03 1.244100000000000067e-01
1.021399999999999977e+03 1.348699999999999899e-01
1.021200000000000045e+03 1.049800000000000039e-01
1.021000000000000000e+03 1.467299999999999993e-01
1.020799999999999955e+03 1.138600000000000029e-01
1.020600000000000023e+03 1.244999999999999996e-01
1.020399999999999977e+03 1.272600000000000120e-01
1.020200000000000045e+03 9.432500000000000606e-02
1.020000000000000000e+03 1.513799999999999868e-01
1.019799999999999955e+03 1.182099999999999956e-01
1.019600000000000023e+03 1.403899999999999870e-01
1.019399999999999977e+03 1.272899999999999865e-01
1.019200000000000045e+03 1.203999999999999931e-01
1.019000000000000000e+03 1.239399999999999946e-01
1.018799999999999955e+03 1.431699999999999917e-01
1.018600000000000023e+03 1.229800000000000060e-01
1.018399999999999977e+03 1.247599999999999959e-01
1.018200000000000045e+03 1.192099999999999965e-01
1.018000000000000000e+03 1.150199999999999972e-01
1.017799999999999955e+03 1.319200000000000095e-01
1.017600000000000023e+03 1.401000000000000023e-01
1.017399999999999977e+03 1.222700000000000037e-01
1.017200000000000045e+03 1.190800000000000053e-01
1.017000000000000000e+03 1.242199999999999971e-01
1.016799999999999955e+03 1.123799999999999938e-01
1.016600000000000023e+03 1.362599999999999922e-01
1.016399999999999977e+03 1.196500000000000064e-01
1.016200000000000045e+03 1.322299999999999864e-01
1.016000000000000000e+03 9.548800000000000343e-02
1.015799999999999955e+03 1.259500000000000064e-01
1.015600000000000023e+03 1.469000000000000028e-01
1.015399999999999977e+03 1.104799999999999949e-01
1.015200000000000045e+03 1.315900000000000125e-01
1.015000000000000000e+03 1.231099999999999972e-01
1.014799999999999955e+03 1.288499999999999923e-01
1.014600000000000023e+03 1.237800000000000011e-01
1.014399999999999977e+03 1.166100000000000053e-01
1.014200000000000045e+03 1.156299999999999967e-01
1.014000000000000000e+03 1.420399999999999996e-01
1.013799999999999955e+03 1.232400000000000023e-01
1.013600000000000023e+03 1.317899999999999905e-01
1.013399999999999977e+03 1.374100000000000044e-01
1.013200000000000045e+03 1.136400000000000049e-01
1.013000000000000000e+03 1.259099999999999941e-01
1.012799999999999955e+03 1.203700000000000048e-01
1.012600000000000023e+03 1.332099999999999951e-01
1.012399999999999977e+03 1.154300000000000048e-01
1.012200000000000045e+03 1.228999999999999954e-01
1.012000000000000000e+03 1.218800000000000022e-01
1.011799999999999955e+03 1.422100000000000031e-01
1.011600000000000023e+03 1.065799999999999942e-01
1.011399999999999977e+03 1.092899999999999983e-01
1.011200000000000045e+03 1.135300000000000059e-01
1.011000000000000000e+03 1.482700000000000129e-01
1.010799999999999955e+03 1.290199999999999958e-01
1.010600000000000023e+03 1.233400000000000052e-01
1.010399999999999977e+03 1.187200000000000061e-01
1.010200000000000045e+03 1.393399999999999916e-01
1.010000000000000000e+03 1.313600000000000045e-01
1.009799999999999955e+03 1.516200000000000048e-01
1.009600000000000023e+03 1.355000000000000093e-01
1.009399999999999977e+03 1.016200000000000020e-01
1.009200000000000045e+03 1.373699999999999921e-01
1.009000000000000000e+03 1.219299999999999967e-01
1.008799999999999955e+03 1.416100000000000136e-01
1.008600000000000023e+03 1.045299999999999979e-01
1.008399999999999977e+03 1.360399999999999943e-01
1.008200000000000045e+03 1.080099999999999949e-01
1.008000000000000000e+03 1.263400000000000079e-01
1.007799999999999955e+03 1.265999999999999903e-01
1.007600000000000023e+03 1.243999999999999967e-01
1.007399999999999977e+03 1.302899999999999892e-01
1.007200000000000045e+03 1.413300000000000112e-01
1.007000000000000000e+03 1.176500000000000046e-01
1.006799999999999955e+03 1.141699999999999937e-01
1.006600000000000023e+03 1.382200000000000095e-01
1.006399999999999977e+03 1.308900000000000063e-01
1.006200000000000045e+03 1.297300000000000120e-01
1.006000000000000000e+03 1.322399999999999964e-01
1.005799999999999955e+03 1.414499999999999924e-01
1.005600000000000023e+03 1.114699999999999996e-01
1.005399999999999977e+03 1.103800000000000059e-01
1.005200000000000045e+03 1.203400000000000025e-01
1.005000000000000000e+03 1.243299999999999961e-01
1.004799999999999955e+03 1.049599999999999977e-01
1.004600000000000023e+03 1.262199999999999989e-01
1.004399999999999977e+03 1.355200000000000016e-01
1.004200000000000045e+03 1.270999999999999908e-01
1.004000000000000000e+03 1.460799999999999876e-01
1.003799999999999955e+03 1.349599999999999966e-01
1.003600000000000023e+03 1.278900000000000037e-01
1.003399999999999977e+03 1.142200000000000021e-01
1.003200000000000045e+03 1.411600000000000077e-01
1.003000000000000000e+03 1.232499999999999984e-01
1.002799999999999955e+03 1.278799999999999937e-01
1.002600000000000023e+03 1.262999999999999956e-01
1.002399999999999977e+03 1.429799999999999960e-01
1.002200000000000045e+03 1.034700000000000064e-01
1.002000000000000000e+03 1.286700000000000066e-01
1.001799999999999955e+03 1.265199999999999936e-01
1.001600000000000023e+03 1.159099999999999991e-01
1.001399999999999977e+03 1.198099999999999998e-01
1.001200000000000045e+03 1.206900000000000056e-01
1.001000000000000000e+03 1.214400000000000063e-01
1.000799999999999955e+03 1.392500000000000127e-01
1.000600000000000023e+03 1.335600000000000120e-01
1.000399999999999977e+03 1.430599999999999927e-01
1.000200000000000045e+03 1.044000000000000067e-01
1.000000000000000000e+03 1.459399999999999864e-01
9.997999999999999545e+02 1.126400000000000040e-01
9.996000000000000227e+02 1.255400000000000127e-01
9.993999999999999773e+02 1.250400000000000122e-01
9.992000000000000455e+02 1.425700000000000023e-01
9.990000000000000000e+02 1.153700000000000003e-01
9.987999999999999545e+02 1.287300000000000111e-01
9.986000000000000227e+02 1.293700000000000128e-01
9.983999999999999773e+02 1.371799999999999964e-01
9.982000000000000455e+02 1.138500000000000068e-01
9.980000000000000000e+02 1.409700000000000120e-01
9.977999999999999545e+02 1.295999999999999930e-01
9.976000000000000227e+02 1.245099999999999957e-01
9.973999999999999773e+02 1.250199999999999922e-01
9.972000000000000455e+02 1.100499999999999950e-01
9.970000000000000000e+02 1.469900000000000095e-01
9.967999999999999545e+02 1.381799999999999973e-01
9.966000000000000227e+02 1.324400000000000022e-01
9.963999999999999773e+02 1.221799999999999969e-01
9.962000000000000455e+02 1.529099999999999904e-01
9.960000000000000000e+02 1.026799999999999935e-01
9.957999999999999545e+02 1.263199999999999878e-01
9.956000000000000227e+02 1.401300000000000046e-01
9.953999999999999773e+02 9.453999999999999904e-02
9.952000000000000455e+02 1.232199999999999962e-01
9.950000000000000000e+02 1.322000000000000119e-01
9.947999999999999545e+02 1.279700000000000004e-01
9.946000000000000227e+02 1.340200000000000002e-01
9.943999999999999773e+02 1.282000000000000084e-01
9.942000000000000455e+02 1.345600000000000129e-01
9.940000000000000000e+02 1.336199999999999888e-01
9.937999999999999545e+02 1.036500000000000060e-01
9.936000000000000227e+02 1.630699999999999927e-01
9.933999999999999773e+02 1.244900000000000034e-01
9.932000000000000455e+02 1.213700000000000057e-01
9.930000000000000000e+02 1.279200000000000059e-01
9.927999999999999545e+02 1.227400000000000019e-01
9.926000000000000227e+02 1.257500000000000007e-01
9.923999999999999773e+02 1.212000000000000022e-01
9.922000000000000455e+02 1.158300000000000024e-01
9.920000000000000000e+02 1.272500000000000020e-01
9.917999999999999545e+02 1.449100000000000110e-01
9.916000000000000227e+02 1.238999999999999962e-01
9.913999999999999773e+02 1.228400000000000047e-01
9.912000000000000455e+02 1.306599999999999984e-01
9.910000000000000000e+02 1.134499999999999953e-01
9.907999999999999545e+02 1.277000000000000079e-01
9.906000000000000227e+02 1.306299999999999961e-01
9.903999999999999773e+02 1.179700000000000054e-01
9.902000000000000455e+02 1.277200000000000002e-01
9.900000000000000000e+02 1.329400000000000026e-01
9.897999999999999545e+02 1.232300000000000062e-01
9.896000000000000227e+02 1.309899999999999953e-01
9.893999999999999773e+02 1.296100000000000030e-01
9.892000000000000455e+02 1.204899999999999999e-01
9.890000000000000000e+02 1.278600000000000014e-01
9.887999999999999545e+02 1.162300000000000000e-01
9.886000000000000227e+02 1.250499999999999945e-01
9.883999999999999773e+02 1.147500000000000048e-01
9.882000000000000455e+02 1.128399999999999959e-01
9.880000000000000000e+02 1.283600000000000019e-01
9.877999999999999545e+02 1.129000000000000004e-01
9.876000000000000227e+02 1.419100000000000084e-01
9.873999999999999773e+02 1.311900000000000011e-01
9.872000000000000455e+02 1.149799999999999989e-01
9.870000000000000000e+02 1.112400000000000055e-01
9.867999999999999545e+02 1.355099999999999916e-01
9.866000000000000227e+02 1.419600000000000029e-01
9.863999999999999773e+02 1.327299999999999869e-01
9.862000000000000455e+02 1.323900000000000077e-01
9.860000000000000000e+02 1.181900000000000034e-01
9.857999999999999545e+02 1.125799999999999995e-01
9.856000000000000227e+02 1.370899999999999896e-01
9.853999999999999773e+02 1.234500000000000042e-01
9.852000000000000455e+02 1.437900000000000011e-01
9.850000000000000000e+02 1.200500000000000039e-01
9.847999999999999545e+02 1.140800000000000008e-01
9.846000000000000227e+02 1.404700000000000115e-01
9.843999999999999773e+02 1.225399999999999961e-01
9.842000000000000455e+02 1.438599999999999879e-01
9.840000000000000000e+02 1.081499999999999961e-01
9.837999999999999545e+02 1.255699999999999872e-01
9.836000000000000227e+02 1.145800000000000013e-01
9.833999999999999773e+02 1.393399999999999916e-01
9.832000000000000455e+02 1.294200000000000073e-01
9.830000000000000000e+02 1.342599999999999905e-01
9.827999999999999545e+02 1.179899999999999977e-01
9.826000000000000227e+02 1.440500000000000114e-01
9.823999999999999773e+02 1.339400000000000035e-01
9.822000000000000455e+02 1.329100000000000004e-01
9.820000000000000000e+02 1.071300000000000030e-01
9.817999999999999545e+02 1.292300000000000115e-01
9.816000000000000227e+02 1.208100000000000007e-01
9.813999999999999773e+02 1.267199999999999993e-01
9.812000000000000455e+02 1.316499999999999893e-01
9.810000000000000000e+02 1.293900000000000050e-01
9.807999999999999545e+02 1.160599999999999965e-01
9.806000000000000227e+02 1.265300000000000036e-01
9.803999999999999773e+02 1.356900000000000051e-01
9.802000000000000455e+02 1.148399999999999976e-01
9.800000000000000000e+02 1.476399999999999935e-01
9.797999999999999545e+02 1.251700000000000035e-01
9.796000000000000227e+02 1.313999999999999890e-01
9.793999999999999773e+02 1.312699999999999978e-01
9.792000000000000455e+02 1.135000000000000037e-01
9.790000000000000000e+02 1.176299999999999985e-01
9.787999999999999545e+02 1.420299999999999896e-01
9.786000000000000227e+02 1.040699999999999958e-01
9.783999999999999773e+02 1.331199999999999883e-01
9.782000000000000455e+02 1.051300000000000012e-01
9.780000000000000000e+02 1.173899999999999944e-01
9.777999999999999545e+02 1.072800000000000004e-01
9.776000000000000227e+02 1.284700000000000009e-01
9.773999999999999773e+02 1.309400000000000008e-01
9.772000000000000455e+02 1.205699999999999966e-01
9.770000000000000000e+02 1.163200000000000067e-01
9.767999999999999545e+02 1.201099999999999945e-01
9.766000000000000227e+02 1.239800000000000069e-01
9.763999999999999773e+02 1.375200000000000033e-01
9.762000000000000455e+02 1.218899999999999983e-01
9.760000000000000000e+02 1.263499999999999901e-01
9.757999999999999545e+02 1.417200000000000126e-01
9.756000000000000227e+02 1.421199999999999963e-01
9.753999999999999773e+02 1.157399999999999957e-01
9.752000000000000455e+02 1.319299999999999917e-01
9.750000000000000000e+02 1.429999999999999882e-01
9.747999999999999545e+02 1.366300000000000014e-01
9.746000000000000227e+02 1.140800000000000008e-01
9.743999999999999773e+02 1.470599999999999963e-01
9.742000000000000455e+02 1.299899999999999944e-01
9.740000000000000000e+02 1.147699999999999970e-01
9.737999999999999545e+02 1.317599999999999882e-01
9.736000000000000227e+02 1.303600000000000037e-01
9.733999999999999773e+02 1.343300000000000050e-01
9.732000000000000455e+02 1.207099999999999979e-01
9.730000000000000000e+02 1.227300000000000058e-01
9.727999999999999545e+02 1.143300000000000011e-01
9.726000000000000227e+02 1.314899999999999958e-01
9.723999999999999773e+02 1.056099999999999955e-01
9.722000000000000455e+02 1.264299999999999868e-01
9.720000000000000000e+02 1.219699999999999951e-01
9.717999999999999545e+02 1.424300000000000010e-01
9.716000000000000227e+02 1.330800000000000038e-01
9.713999999999999773e+02 1.355200000000000016e-01
9.712000000000000455e+02 1.250900000000000067e-01
9.710000000000000000e+02 1.223500000000000004e-01
9.707999999999999545e+02 1.475700000000000067e-01
9.706000000000000227e+02 1.149300000000000044e-01
9.703999999999999773e+02 1.208300000000000068e-01
9.702000000000000455e+02 1.389700000000000102e-01
9.700000000000000000e+02 1.195999999999999980e-01
9.697999999999999545e+02 1.321900000000000019e-01
9.696000000000000227e+02 1.151500000000000024e-01
9.693999999999999773e+02 1.268100000000000060e-01
9.692000000000000455e+02 1.345099999999999907e-01
9.690000000000000000e+02 1.250199999999999922e-01
9.687999999999999545e+02 1.378699999999999926e-01
9.686000000000000227e+02 1.176600000000000007e-01
9.683999999999999773e+02 1.408099999999999907e-01
9.682000000000000455e+02 1.189100000000000018e-01
9.680000000000000000e+02 1.104399999999999965e-01
9.677999999999999545e+02 1.339100000000000013e-01
9.676000000000000227e+02 1.198899999999999966e-01
9.673999999999999773e+02 1.296299999999999952e-01
9.672000000000000455e+02 1.458800000000000097e-01
9.670000000000000000e+02 1.359499999999999875e-01
9.667999999999999545e+02 1.227000000000000035e-01
9.666000000000000227e+02 1.216200000000000059e-01
9.663999999999999773e+02 1.281899999999999984e-01
9.662000000000000455e+02 1.067000000000000032e-01
9.660000000000000000e+02 1.264800000000000091e-01
9.657999999999999545e+02 1.320500000000000007e-01
9.656000000000000227e+02 1.180900000000000005e-01
9.653999999999999773e+02 1.365899999999999892e-01
9.652000000000000455e+02 1.285900000000000098e-01
9.650000000000000000e+02 1.165699999999999931e-01
9.647999999999999545e+02 1.252099999999999880e-01
9.646000000000000227e+02 1.115400000000000003e-01
9.643999999999999773e+02 1.329799999999999871e-01
9.642000000000000455e+02 1.358499999999999985e-01
9.640000000000000000e+02 1.209299999999999958e-01
9.637999999999999545e+02 1.217799999999999994e-01
9.636000000000000227e+02 1.300800000000000012e-01
9.633999999999999773e+02 1.300800000000000012e-01
9.632000000000000455e+02 1.238999999999999962e-01
9.630000000000000000e+02 1.208899999999999975e-01
9.627999999999999545e+02 1.359499999999999875e-01
9.626000000000000227e+02 1.362899999999999945e-01
9.623999999999999773e+02 1.366400000000000114e-01
9.622000000000000455e+02 1.386499999999999955e-01
9.620000000000000000e+02 1.245499999999999940e-01
9.617999999999999545e+02 1.159400000000000014e-01
9.616000000000000227e+02 1.207600000000000062e-01
9.613999999999999773e+02 1.354700000000000071e-01
9.612000000000000455e+02 1.428200000000000025e-01
9.610000000000000000e+02 1.387500000000000122e-01
9.607999999999999545e+02 1.250199999999999922e-01
9.606000000000000227e+02 1.089200000000000029e-01
9.603999999999999773e+02 1.387500000000000122e-01
9.602000000000000455e+02 1.170000000000000068e-01
9.600000000000000000e+02 9.776600000000000568e-02
9.597999999999999545e+02 1.166699999999999959e-01
9.596000000000000227e+02 1.320199999999999985e-01
9.593999999999999773e+02 1.186699999999999977e-01
9.592000000000000455e+02 1.179199999999999970e-01
9.590000000000000000e+02 1.318600000000000050e-01
9.587999999999999545e+02 1.150100000000000011e-01
9.586000000000000227e+02 1.158099999999999963e-01
9.583999999999999773e+02 1.309599999999999931e-01
9.582000000000000455e+02 1.420299999999999896e-01
9.580000000000000000e+02 1.497400000000000120e-01
9.577999999999999545e+02 1.196600000000000025e-01
9.576000000000000227e+02 1.360800000000000065e-01
9.573999999999999773e+02 1.272800000000000042e-01
9.572000000000000455e+02 1.421300000000000063e-01
9.570000000000000000e+02 1.074500000000000038e-01
9.567999999999999545e+02 1.498099999999999987e-01
9.566000000000000227e+02 1.211300000000000016e-01
9.563999999999999773e+02 1.230399999999999966e-01
9.562000000000000455e+02 1.406300000000000050e-01
9.560000000000000000e+02 1.380699999999999983e-01
9.557999999999999545e+02 1.285499999999999976e-01
9.556000000000000227e+02 9.963199999999999834e-02
9.553999999999999773e+02 1.167900000000000049e-01
9.552000000000000455e+02 1.137900000000000023e-01
9.550000000000000000e+02 1.129300000000000026e-01
9.547999999999999545e+02 1.163700000000000012e-01
9.546000000000000227e+02 1.316400000000000070e-01
9.543999999999999773e+02 1.153300000000000020e-01
9.542000000000000455e+02 1.383099999999999885e-01
9.540000000000000000e+02 1.395899999999999919e-01
9.537999999999999545e+02 1.480700000000000072e-01
9.536000000000000227e+02 1.272500000000000020e-01
9.533999999999999773e+02 1.239299999999999985e-01
9.532000000000000455e+02 1.344700000000000062e-01
9.530000000000000000e+02 1.075699999999999990e-01
9.527999999999999545e+02 1.277999999999999969e-01
9.526000000000000227e+02 1.238199999999999995e-01
9.523999999999999773e+02 1.151299999999999962e-01
9.522000000000000455e+02 1.076300000000000034e-01
9.520000000000000000e+02 1.300399999999999889e-01
9.517999999999999545e+02 1.468500000000000083e-01
9.516000000000000227e+02 1.245900000000000063e-01
9.513999999999999773e+02 1.195599999999999996e-01
9.512000000000000455e+02 1.167200000000000043e-01
9.510000000000000000e+02 1.198000000000000037e-01
9.507999999999999545e+02 1.487799999999999956e-01
9.506000000000000227e+02 1.166100000000000053e-01
9.503999999999999773e+02 1.513299999999999923e-01
9.502000000000000455e+02 1.075399999999999967e-01
9.500000000000000000e+02 1.289899999999999936e-01
9.497999999999999545e+02 1.148799999999999960e-01
9.496000000000000227e+02 1.386300000000000032e-01
9.493999999999999773e+02 1.140999999999999931e-01
9.492000000000000455e+02 1.488800000000000123e-01
9.490000000000000000e+02 1.418999999999999984e-01
9.487999999999999545e+02 1.325800000000000034e-01
9.486000000000000227e+02 1.288100000000000078e-01
9.483999999999999773e+02 1.393899999999999861e-01
9.482000000000000455e+02 1.419799999999999951e-01
9.480000000000000000e+02 1.275399999999999867e-01
9.477999999999999545e+02 1.355699999999999961e-01
9.476000000000000227e+02 1.221799999999999969e-01
9.473999999999999773e+02 1.289700000000000013e-01
9.472000000000000455e+02 1.246199999999999947e-01
9.470000000000000000e+02 1.337899999999999923e-01
9.467999999999999545e+02 1.459300000000000042e-01
9.466000000000000227e+02 1.227800000000000002e-01
9.463999999999999773e+02 1.033199999999999952e-01
9.462000000000000455e+02 1.254699999999999982e-01
9.460000000000000000e+02 1.531000000000000139e-01
9.457999999999999545e+02 1.303499999999999936e-01
9.456000000000000227e+02 1.261599999999999944e-01
9.453999999999999773e+02 1.256299999999999917e-01
9.452000000000000455e+02 1.260799999999999976e-01
9.450000000000000000e+02 1.305900000000000116e-01
9.447999999999999545e+02 1.093599999999999989e-01
9.446000000000000227e+02 1.498400000000000010e-01
9.443999999999999773e+02 1.170899999999999996e-01
9.442000000000000455e+02 1.273600000000000010e-01
9.440000000000000000e+02 1.382200000000000095e-01
9.437999999999999545e+02 1.331299999999999983e-01
9.436000000000000227e+02 1.239200000000000024e-01
9.433999999999999773e+02 1.348100000000000132e-01
9.432000000000000455e+02 1.291899999999999993e-01
9.430000000000000000e+02 1.087999999999999939e-01
9.427999999999999545e+02 1.132399999999999934e-01
9.426000000000000227e+02 1.392500000000000127e-01
9.423999999999999773e+02 1.347700000000000009e-01
9.422000000000000455e+02 1.312300000000000133e-01
9.420000000000000000e+02 1.504500000000000004e-01
9.417999999999999545e+02 1.522999999999999909e-01
9.416000000000000227e+02 1.122900000000000009e-01
9.413999999999999773e+02 1.231600000000000056e-01
9.412000000000000455e+02 1.488800000000000123e-01
9.410000000000000000e+02 1.103599999999999998e-01
9.407999999999999545e+02 1.380300000000000138e-01
9.406000000000000227e+02 1.304299999999999904e-01
9.403999999999999773e+02 1.471899999999999875e-01
9.402000000000000455e+02 1.256099999999999994e-01
9.400000000000000000e+02 1.290800000000000003e-01
9.397999999999999545e+02 1.423999999999999988e-01
9.396000000000000227e+02 1.141500000000000015e-01
9.393999999999999773e+02 1.366199999999999914e-01
9.392000000000000455e+02 1.292500000000000038e-01
9.390000000000000000e+02 1.403899999999999870e-01
9.387999999999999545e+02 1.074999999999999983e-01
9.386000000000000227e+02 1.408500000000000030e-01
9.383999999999999773e+02 1.247499999999999998e-01
9.382000000000000455e+02 1.258499999999999897e-01
9.380000000000000000e+02 1.446699999999999930e-01
9.377999999999999545e+02 1.092299999999999938e-01
9.376000000000000227e+02 1.405399999999999983e-01
9.373999999999999773e+02 1.180800000000000044e-01
9.372000000000000455e+02 1.356900000000000051e-01
9.370000000000000000e+02 1.409299999999999997e-01
9.367999999999999545e+02 1.378000000000000058e-01
9.366000000000000227e+02 1.200100000000000056e-01
9.363999999999999773e+02 1.348699999999999899e-01
9.362000000000000455e+02 1.132200000000000012e-01
9.360000000000000000e+02 1.152999999999999997e-01
9.357999999999999545e+02 1.411799999999999999e-01
9.356000000000000227e+02 1.211499999999999938e-01
9.353999999999999773e+02 1.106400000000000022e-01
9.352000000000000455e+02 1.245499999999999940e-01
9.350000000000000000e+02 1.301400000000000057e-01
9.347999999999999545e+02 1.108600000000000002e-01
9.346000000000000227e+02 1.258199999999999874e-01
9.343999999999999773e+02 1.216099999999999959e-01
9.342000000000000455e+02 1.121899999999999981e-01
9.340000000000000000e+02 1.233000000000000068e-01
9.337999999999999545e+02 1.139199999999999935e-01
9.336000000000000227e+02 1.475799999999999890e-01
9.333999999999999773e+02 1.178499999999999964e-01
9.332000000000000455e+02 1.367099999999999982e-01
9.330000000000000000e+02 1.289099999999999968e-01
9.327999999999999545e+02 1.444900000000000073e-01
9.326000000000000227e+02 1.330500000000000016e-01
9.323999999999999773e+02 1.298900000000000055e-01
9.322000000000000455e+02 1.260400000000000131e-01
9.320000000000000000e+02 1.314599999999999935e-01
9.317999999999999545e+02 1.428399999999999948e-01
9.316000000000000227e+02 1.209699999999999942e-01
9.313999999999999773e+02 1.275199999999999945e-01
9.312000000000000455e+02 1.262800000000000034e-01
9.310000000000000000e+02 1.297800000000000065e-01
9.307999999999999545e+02 1.365399999999999947e-01
9.306000000000000227e+02 1.273299999999999987e-01
9.303999999999999773e+02 1.310399999999999898e-01
9.302000000000000455e+02 1.134399999999999992e-01
9.300000000000000000e+02 1.174000000000000044e-01
9.297999999999999545e+02 1.275199999999999945e-01
9.296000000000000227e+02 1.280600000000000072e-01
9.293999999999999773e+02 1.320399999999999907e-01
9.292000000000000455e+02 1.340800000000000047e-01
9.290000000000000000e+02 1.422899999999999998e-01
9.287999999999999545e+02 1.257800000000000029e-01
9.286000000000000227e+02 1.333300000000000041e-01
9.283999999999999773e+02 1.114200000000000051e-01
9.282000000000000455e+02 1.378300000000000081e-01
9.280000000000000000e+02 1.325199999999999989e-01
9.277999999999999545e+02 1.057499999999999968e-01
9.276000000000000227e+02 1.375699999999999978e-01
9.273999999999999773e+02 1.261799999999999866e-01
9.272000000000000455e+02 1.367800000000000127e-01
9.270000000000000000e+02 1.147600000000000009e-01
9.267999999999999545e+02 1.332599999999999896e-01
9.266000000000000227e+02 1.428099999999999925e-01
9.263999999999999773e+02 1.264000000000000123e-01
9.262000000000000455e+02 1.330600000000000116e-01
9.260000000000000000e+02 1.183400000000000007e-01
9.257999999999999545e+02 1.292200000000000015e-01
9.256000000000000227e+02 1.476099999999999912e-01
9.253999999999999773e+02 1.290699999999999903e-01
9.252000000000000455e+02 1.170000000000000068e-01
9.250000000000000000e+02 1.369900000000000007e-01
9.247999999999999545e+02 1.022300000000000014e-01
9.246000000000000227e+02 1.094099999999999934e-01
9.243999999999999773e+02 1.368699999999999917e-01
9.242000000000000455e+02 1.110799999999999982e-01
9.240000000000000000e+02 1.562999999999999945e-01
9.237999999999999545e+02 1.152900000000000036e-01
9.236000000000000227e+02 1.328600000000000059e-01
9.233999999999999773e+02 1.241300000000000042e-01
9.232000000000000455e+02 1.391699999999999882e-01
9.230000000000000000e+02 1.396300000000000041e-01
9.227999999999999545e+02 9.013200000000000378e-02
9.226000000000000227e+02 1.313199999999999923e-01
9.223999999999999773e+02 1.265499999999999958e-01
9.222000000000000455e+02 1.017399999999999971e-01
9.220000000000000000e+02 1.312899999999999900e-01
9.217999999999999545e+02 1.059999999999999970e-01
9.216000000000000227e+02 1.442199999999999871e-01
9.213999999999999773e+02 1.232800000000000007e-01
9.212000000000000455e+02 1.111899999999999972e-01
9.210000000000000000e+02 1.262600000000000111e-01
9.207999999999999545e+02 1.355999999999999983e-01
9.206000000000000227e+02 1.336299999999999988e-01
9.203999999999999773e+02 1.282099999999999906e-01
9.202000000000000455e+02 9.694800000000000639e-02
9.200000000000000000e+02 1.335399999999999920e-01
9.197999999999999545e+02 1.635399999999999909e-01
9.196000000000000227e+02 1.296499999999999875e-01
9.193999999999999773e+02 1.165299999999999947e-01
9.192000000000000455e+02 1.239900000000000030e-01
9.190000000000000000e+02 1.185100000000000042e-01
9.187999999999999545e+02 1.267900000000000138e-01
9.186000000000000227e+02 1.434900000000000064e-01
9.183999999999999773e+02 1.276799999999999879e-01
9.182000000000000455e+02 1.460899999999999976e-01
9.180000000000000000e+02 1.282000000000000084e-01
9.177999999999999545e+02 1.214100000000000040e-01
9.176000000000000227e+02 1.314400000000000013e-01
9.173999999999999773e+02 1.409900000000000042e-01
9.172000000000000455e+02 1.222300000000000053e-01
9.170000000000000000e+02 1.310300000000000076e-01
9.167999999999999545e+02 1.131599999999999967e-01
9.166000000000000227e+02 1.348799999999999999e-01
9.163999999999999773e+02 1.295399999999999885e-01
9.162000000000000455e+02 1.411000000000000032e-01
9.160000000000000000e+02 1.239299999999999985e-01
9.157999999999999545e+02 1.302500000000000047e-01
9.156000000000000227e+02 1.032900000000000068e-01
9.153999999999999773e+02 1.183300000000000046e-01
9.152000000000000455e+02 1.373600000000000099e-01
9.150000000000000000e+02 1.253599999999999992e-01
9.147999999999999545e+02 1.360000000000000098e-01
9.146000000000000227e+02 1.311900000000000011e-01
9.143999999999999773e+02 1.460500000000000131e-01
9.142000000000000455e+02 1.327299999999999869e-01
9.140000000000000000e+02 1.442700000000000093e-01
9.137999999999999545e+02 1.365399999999999947e-01
9.136000000000000227e+02 1.109699999999999992e-01
9.133999999999999773e+02 1.448500000000000065e-01
9.132000000000000455e+02 1.433099999999999929e-01
9.130000000000000000e+02 1.185200000000000004e-01
9.127999999999999545e+02 1.411999999999999922e-01
9.126000000000000227e+02 1.336799999999999933e-01
9.123999999999999773e+02 1.200999999999999984e-01
9.122000000000000455e+02 1.246099999999999985e-01
9.120000000000000000e+02 1.256500000000000117e-01
9.117999999999999545e+02 1.299200000000000077e-01
9.116000000000000227e+02 1.286400000000000043e-01
9.113999999999999773e+02 1.235900000000000054e-01
9.112000000000000455e+02 1.401100000000000123e-01
9.110000000000000000e+02 1.178400000000000003e-01
9.107999999999999545e+02 1.416199999999999959e-01
9.106000000000000227e+02 1.144099999999999978e-01
9.103999999999999773e+02 1.414400000000000102e-01
9.102000000000000455e+02 1.257300000000000084e-01
9.100000000000000000e+02 1.158099999999999963e-01
9.097999999999999545e+02 1.489600000000000091e-01
9.096000000000000227e+02 1.160500000000000004e-01
9.093999999999999773e+02 1.216900000000000065e-01
9.092000000000000455e+02 1.145999999999999935e-01
9.090000000000000000e+02 1.228899999999999992e-01
9.087999999999999545e+02 1.369799999999999907e-01
9.086000000000000227e+02 1.275300000000000045e-01
9.083999999999999773e+02 1.313600000000000045e-01
9.082000000000000455e+02 1.503899999999999959e-01
9.080000000000000000e+02 1.379900000000000015e-01
9.077999999999999545e+02 1.258199999999999874e-01
9.076000000000000227e+02 1.277899999999999869e-01
9.073999999999999773e+02 1.215999999999999998e-01
9.072000000000000455e+02 1.144499999999999962e-01
9.070000000000000000e+02 1.312699999999999978e-01
9.067999999999999545e+02 1.223999999999999949e-01
9.066000000000000227e+02 1.288600000000000023e-01
9.063999999999999773e+02 1.143399999999999972e-01
9.062000000000000455e+02 1.567900000000000127e-01
9.060000000000000000e+02 1.204199999999999993e-01
9.057999999999999545e+02 1.489000000000000046e-01
9.056000000000000227e+02 1.341100000000000070e-01
9.053999999999999773e+02 1.290800000000000003e-01
9.052000000000000455e+02 1.128500000000000059e-01
9.050000000000000000e+02 1.534300000000000108e-01
9.047999999999999545e+02 1.229399999999999937e-01
9.046000000000000227e+02 1.077700000000000047e-01
9.043999999999999773e+02 1.409600000000000020e-01
9.042000000000000455e+02 1.281799999999999884e-01
9.040000000000000000e+02 1.275499999999999967e-01
9.037999999999999545e+02 1.235099999999999948e-01
9.036000000000000227e+02 1.115300000000000041e-01
9.033999999999999773e+02 1.030299999999999966e-01
9.032000000000000455e+02 1.387200000000000100e-01
9.030000000000000000e+02 1.324500000000000122e-01
9.027999999999999545e+02 1.386600000000000055e-01
9.026000000000000227e+02 1.401199999999999946e-01
9.023999999999999773e+02 1.144600000000000062e-01
9.022000000000000455e+02 1.430700000000000027e-01
9.020000000000000000e+02 1.188799999999999996e-01
9.017999999999999545e+02 1.410500000000000087e-01
9.016000000000000227e+02 1.254200000000000037e-01
9.013999999999999773e+02 1.411600000000000077e-01
9.012000000000000455e+02 1.255600000000000049e-01
9.010000000000000000e+02 1.278400000000000092e-01
9.007999999999999545e+02 1.127599999999999991e-01
9.006000000000000227e+02 1.377400000000000013e-01
9.003999999999999773e+02 1.352399999999999991e-01
9.002000000000000455e+02 1.264899999999999913e-01
9.000000000000000000e+02 1.187200000000000061e-01
8.997999999999999545e+02 1.028799999999999992e-01
8.996000000000000227e+02 1.365999999999999992e-01
8.993999999999999773e+02 1.309200000000000086e-01
8.992000000000000455e+02 1.125700000000000034e-01
8.990000000000000000e+02 1.311199999999999866e-01
8.987999999999999545e+02 1.495299999999999963e-01
8.986000000000000227e+02 1.381199999999999928e-01
8.983999999999999773e+02 1.356600000000000028e-01
8.982000000000000455e+02 1.185999999999999971e-01
8.980000000000000000e+02 1.195900000000000019e-01
8.977999999999999545e+02 1.398399999999999921e-01
8.976000000000000227e+02 1.304400000000000004e-01
8.973999999999999773e+02 1.329400000000000026e-01
8.972000000000000455e+02 1.256299999999999917e-01
8.970000000000000000e+02 1.417799999999999894e-01
8.967999999999999545e+02 1.344700000000000062e-01
8.966000000000000227e+02 1.257800000000000029e-01
8.963999999999999773e+02 1.113800000000000068e-01
8.962000000000000455e+02 1.217899999999999955e-01
8.960000000000000000e+02 1.369700000000000084e-01
8.957999999999999545e+02 1.342200000000000060e-01
8.956000000000000227e+02 1.266700000000000048e-01
8.953999999999999773e+02 1.320199999999999985e-01
8.952000000000000455e+02 1.267399999999999916e-01
8.950000000000000000e+02 1.108200000000000018e-01
8.947999999999999545e+02 1.197199999999999931e-01
8.946000000000000227e+02 1.231300000000000033e-01
8.943999999999999773e+02 1.134200000000000069e-01
8.942000000000000455e+02 1.266200000000000103e-01
8.940000000000000000e+02 1.263900000000000023e-01
8.937999999999999545e+02 1.244900000000000034e-01
8.936000000000000227e+02 1.489600000000000091e-01
8.933999999999999773e+02 1.165800000000000031e-01
8.932000000000000455e+02 1.464399999999999868e-01
8.930000000000000000e+02 1.442299999999999971e-01
8.927999999999999545e+02 1.222899999999999959e-01
8.926000000000000227e+02 1.428200000000000025e-01
8.923999999999999773e+02 1.130700000000000038e-01
8.922000000000000455e+02 1.169100000000000000e-01
8.920000000000000000e+02 1.252399999999999902e-01
8.917999999999999545e+02 1.258199999999999874e-01
8.916000000000000227e+02 1.105300000000000032e-01
8.913999999999999773e+02 1.200200000000000017e-01
8.912000000000000455e+02 1.488400000000000001e-01
8.910000000000000000e+02 1.373399999999999899e-01
8.907999999999999545e+02 1.349899999999999989e-01
8.906000000000000227e+02 1.339899999999999980e-01
8.903999999999999773e+02 1.436699999999999922e-01
8.902000000000000455e+02 1.257600000000000107e-01
8.900000000000000000e+02 1.220799999999999941e-01
8.897999999999999545e+02 1.444900000000000073e-01
8.896000000000000227e+02 1.263100000000000056e-01
8.893999999999999773e+02 1.261099999999999999e-01
8.892000000000000455e+02 1.279700000000000004e-01
8.890000000000000000e+02 1.322000000000000119e-01
8.887999999999999545e+02 1.337099999999999955e-01
8.886000000000000227e+02 1.276299999999999935e-01
8.883999999999999773e+02 1.313999999999999890e-01
8.882000000000000455e+02 1.212899999999999950e-01
8.880000000000000000e+02 1.269399999999999973e-01
8.877999999999999545e+02 1.367700000000000027e-01
8.876000000000000227e+02 1.233699999999999936e-01
8.873999999999999773e+02 1.104200000000000043e-01
8.872000000000000455e+02 1.262300000000000089e-01
8.870000000000000000e+02 1.370500000000000052e-01
8.867999999999999545e+02 1.409299999999999997e-01
8.866000000000000227e+02 1.368999999999999939e-01
8.863999999999999773e+02 1.339299999999999935e-01
8.862000000000000455e+02 1.308600000000000041e-01
8.860000000000000000e+02 1.156900000000000012e-01
8.857999999999999545e+02 1.229900000000000021e-01
8.856000000000000227e+02 1.184499999999999997e-01
8.853999999999999773e+02 1.349200000000000121e-01
8.852000000000000455e+02 1.130099999999999993e-01
8.850000000000000000e+02 1.238299999999999956e-01
8.847999999999999545e+02 1.182200000000000056e-01
8.846000000000000227e+02 1.118200000000000027e-01
8.843999999999999773e+02 1.232899999999999968e-01
8.842000000000000455e+02 1.174999999999999933e-01
8.840000000000000000e+02 1.249099999999999933e-01
8.837999999999999545e+02 1.650399999999999923e-01
8.836000000000000227e+02 1.277000000000000079e-01
8.833999999999999773e+02 1.187399999999999983e-01
8.832000000000000455e+02 1.427700000000000080e-01
8.830000000000000000e+02 1.308400000000000118e-01
8.827999999999999545e+02 1.295000000000000040e-01
8.826000000000000227e+02 1.287300000000000111e-01
8.823999999999999773e+02 1.373699999999999921e-01
8.822000000000000455e+02 1.287699999999999956e-01
8.820000000000000000e+02 1.139700000000000019e-01
8.817999999999999545e+02 1.199599999999999972e-01
8.816000000000000227e+02 1.221399999999999986e-01
8.813999999999999773e+02 1.117999999999999966e-01
8.812000000000000455e+02 1.276700000000000057e-01
8.810000000000000000e+02 1.308699999999999863e-01
8.807999999999999545e+02 1.354100000000000026e-01
8.806000000000000227e+02 1.286499999999999866e-01
8.803999999999999773e+02 1.221399999999999986e-01
8.802000000000000455e+02 1.273900000000000032e-01
8.800000000000000000e+02 1.234999999999999987e-01
8.797999999999999545e+02 1.365800000000000070e-01
8.796000000000000227e+02 1.539200000000000013e-01
8.793999999999999773e+02 1.285199999999999954e-01
8.792000000000000455e+02 1.319700000000000040e-01
8.790000000000000000e+02 1.218299999999999939e-01
8.787999999999999545e+02 1.476899999999999880e-01
8.786000000000000227e+02 1.477199999999999902e-01
8.783999999999999773e+02 1.143300000000000011e-01
8.782000000000000455e+02 1.356700000000000128e-01
8.780000000000000000e+02 1.337099999999999955e-01
8.777999999999999545e+02 1.419199999999999906e-01
8.776000000000000227e+02 1.380899999999999905e-01
8.773999999999999773e+02 1.290900000000000103e-01
8.772000000000000455e+02 1.095700000000000007e-01
8.770000000000000000e+02 1.229200000000000015e-01
8.767999999999999545e+02 1.219599999999999990e-01
8.766000000000000227e+02 1.270399999999999863e-01
8.763999999999999773e+02 1.099299999999999999e-01
8.762000000000000455e+02 1.045399999999999940e-01
8.760000000000000000e+02 1.289800000000000113e-01
8.757999999999999545e+02 1.214400000000000063e-01
8.756000000000000227e+02 1.247400000000000037e-01
8.753999999999999773e+02 1.333600000000000063e-01
8.752000000000000455e+02 1.481000000000000094e-01
8.750000000000000000e+02 1.315000000000000058e-01
8.747999999999999545e+02 1.111999999999999933e-01
8.746000000000000227e+02 1.169100000000000000e-01
8.743999999999999773e+02 1.125400000000000011e-01
8.742000000000000455e+02 1.091899999999999954e-01
8.740000000000000000e+02 1.327200000000000046e-01
8.737999999999999545e+02 1.380399999999999960e-01
8.736000000000000227e+02 1.228999999999999954e-01
8.733999999999999773e+02 1.058999999999999941e-01
8.732000000000000455e+02 1.194100000000000023e-01
8.730000000000000000e+02 1.118999999999999995e-01
8.727999999999999545e+02 1.166200000000000014e-01
8.726000000000000227e+02 1.262099999999999889e-01
8.723999999999999773e+02 1.325800000000000034e-01
8.722000000000000455e+02 1.372700000000000031e-01
8.720000000000000000e+02 1.303100000000000092e-01
8.717999999999999545e+02 1.462600000000000011e-01
8.716000000000000227e+02 1.229699999999999960e-01
8.713999999999999773e+02 1.240900000000000059e-01
8.712000000000000455e+02 1.174800000000000011e-01
8.710000000000000000e+02 1.333999999999999908e-01
8.707999999999999545e+02 1.233699999999999936e-01
8.706000000000000227e+02 1.105799999999999977e-01
8.703999999999999773e+02 1.169899999999999968e-01
8.702000000000000455e+02 1.331100000000000061e-01
8.700000000000000000e+02 1.081700000000000023e-01
8.697999999999999545e+02 1.255400000000000127e-01
8.696000000000000227e+02 1.351600000000000024e-01
8.693999999999999773e+02 1.387100000000000000e-01
8.692000000000000455e+02 1.092400000000000038e-01
8.690000000000000000e+02 1.439799999999999969e-01
8.687999999999999545e+02 1.263100000000000056e-01
8.686000000000000227e+02 1.280699999999999894e-01
8.683999999999999773e+02 1.293799999999999950e-01
8.682000000000000455e+02 1.256299999999999917e-01
8.680000000000000000e+02 1.219200000000000006e-01
8.677999999999999545e+02 1.242100000000000010e-01
8.676000000000000227e+02 1.396699999999999886e-01
8.673999999999999773e+02 1.425500000000000100e-01
8.672000000000000455e+02 1.324400000000000022e-01
8.670000000000000000e+02 1.347299999999999887e-01
8.667999999999999545e+02 1.374700000000000089e-01
8.666000000000000227e+02 1.379100000000000048e-01
8.663999999999999773e+02 1.139799999999999980e-01
8.662000000000000455e+02 1.234500000000000042e-01
8.660000000000000000e+02 1.216099999999999959e-01
8.657999999999999545e+02 1.305099999999999871e-01
8.656000000000000227e+02 9.908300000000000440e-02
8.653999999999999773e+02 1.206300000000000011e-01
8.652000000000000455e+02 1.403600000000000125e-01
8.650000000000000000e+02 1.376699999999999868e-01
8.647999999999999545e+02 1.080499999999999933e-01
8.646000000000000227e+02 1.197899999999999937e-01
8.643999999999999773e+02 1.138200000000000045e-01
8.642000000000000455e+02 1.269599999999999895e-01
8.640000000000000000e+02 1.052400000000000002e-01
8.637999999999999545e+02 1.119900000000000062e-01
8.636000000000000227e+02 1.270600000000000063e-01
8.633999999999999773e+02 1.199400000000000049e-01
8.632000000000000455e+02 1.336900000000000033e-01
8.630000000000000000e+02 1.292899999999999883e-01
8.627999999999999545e+02 1.319599999999999940e-01
8.626000000000000227e+02 1.169000000000000039e-01
8.623999999999999773e+02 9.735000000000000597e-02
8.622000000000000455e+02 1.429900000000000060e-01
8.620000000000000000e+02 1.371900000000000064e-01
8.617999999999999545e+02 1.209599999999999981e-01
8.616000000000000227e+02 1.307200000000000029e-01
8.613999999999999773e+02 1.135499999999999982e-01
8.612000000000000455e+02 1.200999999999999984e-01
8.610000000000000000e+02 1.403399999999999925e-01
8.607999999999999545e+02 1.241499999999999965e-01
8.606000000000000227e+02 1.150400000000000034e-01
8.603999999999999773e+02 1.314400000000000013e-01
8.602000000000000455e+02 1.305000000000000049e-01
8.600000000000000000e+02 1.214800000000000046e-01
8.597999999999999545e+02 1.145100000000000007e-01
8.596000000000000227e+02 1.319799999999999862e-01
8.593999999999999773e+02 1.151699999999999946e-01
8.592000000000000455e+02 1.185900000000000010e-01
8.590000000000000000e+02 1.522600000000000064e-01
8.587999999999999545e+02 1.197899999999999937e-01
8.586000000000000227e+02 1.164099999999999996e-01
8.583999999999999773e+02 1.318799999999999972e-01
8.582000000000000455e+02 9.856800000000000284e-02
8.580000000000000000e+02 1.178300000000000042e-01
8.577999999999999545e+02 1.300000000000000044e-01
8.576000000000000227e+02 1.502900000000000069e-01
8.573999999999999773e+02 1.224900000000000017e-01
8.572000000000000455e+02 1.400500000000000078e-01
8.570000000000000000e+02 1.431499999999999995e-01
8.567999999999999545e+02 1.287699999999999956e-01
8.566000000000000227e+02 1.310499999999999998e-01
8.563999999999999773e+02 1.286899999999999988e-01
8.562000000000000455e+02 1.194700000000000067e-01
8.560000000000000000e+02 1.136800000000000033e-01
8.557999999999999545e+02 1.381499999999999950e-01
8.556000000000000227e+02 1.254000000000000115e-01
8.553999999999999773e+02 1.163200000000000067e-01
8.552000000000000455e+02 1.361900000000000055e-01
8.550000000000000000e+02 1.210500000000000048e-01
8.547999999999999545e+02 1.258900000000000019e-01
8.546000000000000227e+02 1.268299999999999983e-01
8.543999999999999773e+02 1.165199999999999986e-01
8.542000000000000455e+02 1.163799999999999973e-01
8.540000000000000000e+02 1.306599999999999984e-01
8.537999999999999545e+02 1.063500000000000001e-01
8.536000000000000227e+02 1.233400000000000052e-01
8.533999999999999773e+02 1.097999999999999948e-01
8.532000000000000455e+02 1.345999999999999974e-01
8.530000000000000000e+02 1.177200000000000052e-01
8.527999999999999545e+02 1.309500000000000108e-01
8.526000000000000227e+02 1.262999999999999956e-01
8.523999999999999773e+02 1.122999999999999970e-01
8.522000000000000455e+02 1.176299999999999985e-01
8.520000000000000000e+02 1.105700000000000016e-01
8.517999999999999545e+02 1.071499999999999952e-01
8.516000000000000227e+02 1.333199999999999941e-01
8.513999999999999773e+02 1.192200000000000065e-01
8.512000000000000455e+02 1.473399999999999987e-01
8.510000000000000000e+02 1.207799999999999985e-01
8.507999999999999545e+02 1.254300000000000137e-01
8.506000000000000227e+02 1.165500000000000008e-01
8.503999999999999773e+02 1.324099999999999999e-01
8.502000000000000455e+02 1.147799999999999931e-01
8.500000000000000000e+02 1.309400000000000008e-01
8.497999999999999545e+02 1.232100000000000001e-01
8.496000000000000227e+02 1.238599999999999979e-01
8.493999999999999773e+02 1.190400000000000069e-01
8.492000000000000455e+02 1.420899999999999941e-01
8.490000000000000000e+02 1.359700000000000075e-01
8.487999999999999545e+02 1.028300000000000047e-01
8.486000000000000227e+02 1.508899999999999963e-01
8.483999999999999773e+02 1.193400000000000016e-01
8.482000000000000455e+02 1.190100000000000047e-01
8.480000000000000000e+02 1.179100000000000009e-01
8.477999999999999545e+02 1.314500000000000113e-01
8.476000000000000227e+02 1.193300000000000055e-01
8.473999999999999773e+02 1.195100000000000051e-01
8.472000000000000455e+02 1.333699999999999886e-01
8.470000000000000000e+02 1.247700000000000059e-01
8.467999999999999545e+02 1.300099999999999867e-01
8.466000000000000227e+02 1.206200000000000050e-01
8.463999999999999773e+02 1.168700000000000017e-01
8.462000000000000455e+02 9.641299999999999870e-02
8.460000000000000000e+02 1.187799999999999967e-01
8.457999999999999545e+02 1.360399999999999943e-01
8.456000000000000227e+02 1.115700000000000025e-01
8.453999999999999773e+02 1.417599999999999971e-01
8.452000000000000455e+02 1.092100000000000015e-01
8.450000000000000000e+02 1.291100000000000025e-01
8.447999999999999545e+02 1.376000000000000001e-01
8.446000000000000227e+02 1.239900000000000030e-01
8.443999999999999773e+02 1.120400000000000007e-01
8.442000000000000455e+02 1.396699999999999886e-01
8.440000000000000000e+02 1.494600000000000095e-01
8.437999999999999545e+02 1.059599999999999986e-01
8.436000000000000227e+02 1.358999999999999930e-01
8.433999999999999773e+02 1.268400000000000083e-01
8.432000000000000455e+02 1.288900000000000046e-01
8.430000000000000000e+02 1.189500000000000002e-01
8.427999999999999545e+02 1.304800000000000126e-01
8.426000000000000227e+02 1.006200000000000011e-01
8.423999999999999773e+02 1.431699999999999917e-01
8.422000000000000455e+02 1.255699999999999872e-01
8.420000000000000000e+02 1.293100000000000083e-01
8.417999999999999545e+02 1.079100000000000059e-01
8.416000000000000227e+02 1.271899999999999975e-01
8.413999999999999773e+02 9.661100000000000243e-02
8.412000000000000455e+02 1.212899999999999950e-01
8.410000000000000000e+02 1.377700000000000036e-01
8.407999999999999545e+02 1.283799999999999941e-01
8.406000000000000227e+02 1.134099999999999969e-01
8.403999999999999773e+02 1.302300000000000124e-01
8.402000000000000455e+02 1.274899999999999922e-01
8.400000000000000000e+02 1.208700000000000052e-01
8.397999999999999545e+02 1.373099999999999876e-01
8.396000000000000227e+02 1.074999999999999983e-01
8.393999999999999773e+02 1.400700000000000001e-01
8.392000000000000455e+02 1.212799999999999989e-01
8.390000000000000000e+02 1.221899999999999931e-01
8.387999999999999545e+02 1.256700000000000039e-01
8.386000000000000227e+02 1.519199999999999995e-01
8.383999999999999773e+02 1.283499999999999919e-01
8.382000000000000455e+02 1.115499999999999964e-01
8.380000000000000000e+02 1.321199999999999875e-01
8.377999999999999545e+02 1.021699999999999969e-01
8.376000000000000227e+02 1.277699999999999947e-01
8.373999999999999773e+02 1.042700000000000016e-01
8.372000000000000455e+02 1.352399999999999991e-01
8.370000000000000000e+02 1.112599999999999978e-01
8.367999999999999545e+02 1.430599999999999927e-01
8.366000000000000227e+02 1.493400000000000005e-01
8.363999999999999773e+02 1.134399999999999992e-01
8.362000000000000455e+02 1.175599999999999978e-01
8.360000000000000000e+02 1.267999999999999960e-01
8.357999999999999545e+02 1.281700000000000061e-01
8.356000000000000227e+02 1.323999999999999899e-01
8.353999999999999773e+02 1.074699999999999961e-01
8.352000000000000455e+02 1.505700000000000094e-01
8.350000000000000000e+02 1.142200000000000021e-01
8.347999999999999545e+02 1.161999999999999977e-01
8.346000000000000227e+02 1.253599999999999992e-01
8.343999999999999773e+02 1.072899999999999965e-01
8.342000000000000455e+02 1.233800000000000036e-01
8.340000000000000000e+02 1.211900000000000061e-01
8.337999999999999545e+02 1.206399999999999972e-01
8.336000000000000227e+02 1.302999999999999992e-01
8.333999999999999773e+02 1.308699999999999863e-01
8.332000000000000455e+02 1.415599999999999914e-01
8.330000000000000000e+02 1.252800000000000025e-01
8.327999999999999545e+02 1.332200000000000051e-01
8.326000000000000227e+02 1.188799999999999996e-01
8.323999999999999773e+02 1.278900000000000037e-01
8.322000000000000455e+02 1.311199999999999866e-01
8.320000000000000000e+02 1.458800000000000097e-01
8.317999999999999545e+02 8.859499999999999320e-02
8.316000000000000227e+02 1.176600000000000007e-01
8.313999999999999773e+02 1.205900000000000027e-01
8.312000000000000455e+02 1.268900000000000028e-01
8.310000000000000000e+02 1.140300000000000064e-01
8.307999999999999545e+02 1.221000000000000002e-01
8.306000000000000227e+02 1.272000000000000075e-01
8.303999999999999773e+02 1.267600000000000116e-01
8.302000000000000455e+02 1.276500000000000135e-01
8.300000000000000000e+02 1.160800000000000026e-01
8.297999999999999545e+02 1.257999999999999952e-01
8.296000000000000227e+02 1.280600000000000072e-01
8.293999999999999773e+02 1.021600000000000008e-01
8.292000000000000455e+02 1.162300000000000000e-01
8.290000000000000000e+02 1.190299999999999969e-01
8.287999999999999545e+02 1.283999999999999864e-01
8.286000000000000227e+02 1.368699999999999917e-01
8.283999999999999773e+02 1.225099999999999939e-01
8.282000000000000455e+02 1.192600000000000049e-01
8.280000000000000000e+02 1.344700000000000062e-01
8.277999999999999545e+02 1.237199999999999966e-01
8.276000000000000227e+02 1.439199999999999924e-01
8.273999999999999773e+02 1.158900000000000069e-01
8.272000000000000455e+02 1.444900000000000073e-01
8.270000000000000000e+02 1.410899999999999932e-01
8.267999999999999545e+02 1.047199999999999936e-01
8.266000000000000227e+02 1.082800000000000012e-01
8.263999999999999773e+02 1.303600000000000037e-01
8.262000000000000455e+02 1.287600000000000133e-01
8.260000000000000000e+02 1.078100000000000031e-01
8.257999999999999545e+02 1.170599999999999974e-01
8.256000000000000227e+02 1.336299999999999988e-01
8.253999999999999773e+02 1.160199999999999981e-01
8.252000000000000455e+02 1.105399999999999994e-01
8.250000000000000000e+02 1.159400000000000014e-01
8.247999999999999545e+02 1.305900000000000116e-01
8.246000000000000227e+02 1.241899999999999948e-01
8.243999999999999773e+02 1.087100000000000011e-01
8.242000000000000455e+02 1.287699999999999956e-01
8.240000000000000000e+02 1.404700000000000115e-01
8.237999999999999545e+02 1.395299999999999874e-01
8.236000000000000227e+02 1.346100000000000074e-01
8.233999999999999773e+02 1.080600000000000033e-01
8.232000000000000455e+02 1.145000000000000046e-01
8.230000000000000000e+02 1.405599999999999905e-01
8.227999999999999545e+02 1.058599999999999958e-01
8.226000000000000227e+02 1.244600000000000012e-01
8.223999999999999773e+02 1.344899999999999984e-01
8.222000000000000455e+02 9.636100000000000221e-02
8.220000000000000000e+02 1.208100000000000007e-01
8.217999999999999545e+02 1.115899999999999948e-01
8.216000000000000227e+02 1.406399999999999872e-01
8.213999999999999773e+02 1.248299999999999965e-01
8.212000000000000455e+02 1.120199999999999946e-01
8.210000000000000000e+02 1.236000000000000015e-01
8.207999999999999545e+02 1.284899999999999931e-01
8.206000000000000227e+02 1.254300000000000137e-01
8.203999999999999773e+02 1.038499999999999979e-01
8.202000000000000455e+02 1.237700000000000050e-01
8.200000000000000000e+02 1.438399999999999956e-01
8.197999999999999545e+02 1.098599999999999993e-01
8.196000000000000227e+02 1.265900000000000081e-01
8.193999999999999773e+02 1.254500000000000060e-01
8.192000000000000455e+02 1.345600000000000129e-01
8.190000000000000000e+02 1.204599999999999976e-01
8.187999999999999545e+02 1.112999999999999962e-01
8.186000000000000227e+02 1.333199999999999941e-01
8.183999999999999773e+02 1.160400000000000043e-01
8.182000000000000455e+02 1.237999999999999934e-01
8.180000000000000000e+02 1.267699999999999938e-01
8.177999999999999545e+02 1.176200000000000023e-01
8.176000000000000227e+02 1.405000000000000138e-01
8.173999999999999773e+02 1.174999999999999933e-01
8.172000000000000455e+02 1.331900000000000028e-01
8.170000000000000000e+02 1.218400000000000039e-01
8.167999999999999545e+02 1.205999999999999989e-01
8.166000000000000227e+02 1.332800000000000096e-01
8.163999999999999773e+02 1.196099999999999941e-01
8.162000000000000455e+02 1.292999999999999983e-01
8.160000000000000000e+02 1.070500000000000063e-01
8.157999999999999545e+02 1.255499999999999949e-01
8.156000000000000227e+02 1.255699999999999872e-01
8.153999999999999773e+02 1.111700000000000049e-01
8.152000000000000455e+02 1.175100000000000033e-01
8.150000000000000000e+02 1.165100000000000025e-01
8.147999999999999545e+02 1.191900000000000043e-01
8.146000000000000227e+02 1.314299999999999913e-01
8.143999999999999773e+02 1.166999999999999982e-01
8.142000000000000455e+02 1.326100000000000056e-01
8.140000000000000000e+02 1.224800000000000055e-01
8.137999999999999545e+02 1.224299999999999972e-01
8.136000000000000227e+02 1.243100000000000038e-01
8.133999999999999773e+02 1.281599999999999961e-01
8.132000000000000455e+02 1.176500000000000046e-01
8.130000000000000000e+02 1.252000000000000057e-01
8.127999999999999545e+02 1.208499999999999991e-01
8.126000000000000227e+02 1.099299999999999999e-01
8.123999999999999773e+02 1.280100000000000127e-01
8.122000000000000455e+02 9.988299999999999956e-02
8.120000000000000000e+02 1.397899999999999976e-01
8.117999999999999545e+02 1.311499999999999888e-01
8.116000000000000227e+02 1.200900000000000023e-01
8.113999999999999773e+02 1.200399999999999939e-01
8.112000000000000455e+02 1.262800000000000034e-01
8.110000000000000000e+02 1.278100000000000069e-01
8.107999999999999545e+02 1.475700000000000067e-01
8.106000000000000227e+02 9.984700000000000519e-02
8.103999999999999773e+02 1.393500000000000016e-01
8.102000000000000455e+02 1.321599999999999997e-01
8.100000000000000000e+02 1.336199999999999888e-01
8.097999999999999545e+02 1.355000000000000093e-01
8.096000000000000227e+02 1.281700000000000061e-01
8.093999999999999773e+02 1.113900000000000029e-01
8.092000000000000455e+02 1.243400000000000061e-01
8.090000000000000000e+02 1.206200000000000050e-01
8.087999999999999545e+02 1.212600000000000067e-01
8.086000000000000227e+02 1.172799999999999954e-01
8.083999999999999773e+02 1.314599999999999935e-01
8.082000000000000455e+02 1.197499999999999953e-01
8.080000000000000000e+02 1.104099999999999943e-01
8.077999999999999545e+02 1.114399999999999974e-01
8.076000000000000227e+02 1.164099999999999996e-01
8.073999999999999773e+02 1.510599999999999998e-01
8.072000000000000455e+02 1.256899999999999962e-01
8.070000000000000000e+02 1.451500000000000012e-01
8.067999999999999545e+02 1.376100000000000101e-01
8.066000000000000227e+02 1.283400000000000096e-01
8.063999999999999773e+02 1.105600000000000055e-01
8.062000000000000455e+02 1.252399999999999902e-01
8.060000000000000000e+02 1.137399999999999939e-01
8.057999999999999545e+02 1.420399999999999996e-01
8.056000000000000227e+02 1.349100000000000021e-01
8.053999999999999773e+02 1.386000000000000010e-01
8.052000000000000455e+02 1.150999999999999940e-01
8.050000000000000000e+02 1.240200000000000052e-01
8.047999999999999545e+02 1.308100000000000096e-01
8.046000000000000227e+02 1.317399999999999960e-01
8.043999999999999773e+02 1.292399999999999938e-01
8.042000000000000455e+02 1.193199999999999955e-01
8.040000000000000000e+02 1.476200000000000012e-01
8.037999999999999545e+02 1.169599999999999945e-01
8.036000000000000227e+02 1.364700000000000080e-01
8.033999999999999773e+02 1.202300000000000035e-01
8.032000000000000455e+02 1.212899999999999950e-01
8.030000000000000000e+02 1.436499999999999999e-01
8.027999999999999545e+02 1.180999999999999966e-01
8.026000000000000227e+02 1.161100000000000049e-01
8.023999999999999773e+02 1.147999999999999993e-01
8.022000000000000455e+02 1.320199999999999985e-01
8.020000000000000000e+02 1.198400000000000021e-01
8.017999999999999545e+02 1.297099999999999920e-01
8.016000000000000227e+02 1.359499999999999875e-01
8.013999999999999773e+02 1.333699999999999886e-01
8.012000000000000455e+02 1.211300000000000016e-01
8.010000000000000000e+02 1.298799999999999955e-01
8.007999999999999545e+02 9.125700000000000478e-02
8.006000000000000227e+02 1.222899999999999959e-01
8.003999999999999773e+02 1.171200000000000019e-01
8.002000000000000455e+02 1.178700000000000025e-01
8.000000000000000000e+02 1.443000000000000116e-01
7.997999999999999545e+02 -1.302900000000000065e-03
7.996000000000000227e+02 -3.011799999999999807e-03
7.993999999999999773e+02 -6.283699999999999486e-04
7.992000000000000455e+02 -4.613999999999999937e-04
7.990000000000000000e+02 2.386000000000000100e-03
7.987999999999999545e+02 -6.117100000000000315e-03
7.986000000000000227e+02 4.613500000000000413e-03
7.983999999999999773e+02 5.313499999999999647e-03
7.982000000000000455e+02 1.857799999999999946e-03
7.980000000000000000e+02 1.698099999999999913e-03
7.977999999999999545e+02 2.343599999999999937e-03
7.976000000000000227e+02 -3.474999999999999790e-03
7.973999999999999773e+02 2.249200000000000082e-04
7.972000000000000455e+02 -3.650700000000000212e-03
7.970000000000000000e+02 2.673899999999999888e-03
7.967999999999999545e+02 -3.434200000000000100e-03
7.966000000000000227e+02 -2.634800000000000076e-03
7.963999999999999773e+02 -1.151300000000000066e-03
7.962000000000000455e+02 1.668999999999999911e-03
7.960000000000000000e+02 -3.881600000000000241e-04
7.957999999999999545e+02 -9.997000000000000677e-04
7.956000000000000227e+02 6.405300000000000056e-03
7.953999999999999773e+02 -1.165800000000000039e-03
7.952000000000000455e+02 -3.979400000000000016e-04
7.950000000000000000e+02 6.602199999999999909e-04
7.947999999999999545e+02 -2.193200000000000184e-03
7.946000000000000227e+02 1.750100000000000093e-03
7.943999999999999773e+02 -5.023399999999999914e-03
7.942000000000000455e+02 -1.385299999999999900e-03
7.940000000000000000e+02 1.944200000000000095e-03
7.937999999999999545e+02 -2.795199999999999855e-03
7.936000000000000227e+02 6.335000000000000353e-03
7.933999999999999773e+02 -1.982600000000000161e-03
7.932000000000000455e+02 -3.357300000000000128e-04
7.930000000000000000e+02 6.690199999999999880e-04
7.927999999999999545e+02 2.073300000000000143e-03
7.926000000000000227e+02 -1.985300000000000118e-04
7.923999999999999773e+02 -2.364999999999999915e-03
7.922000000000000455e+02 4.138899999999999827e-04
7.920000000000000000e+02 1.300600000000000063e-03
7.917999999999999545e+02 2.151600000000000040e-03
7.916000000000000227e+02 5.685400000000000176e-03
7.913999999999999773e+02 -2.204300000000000183e-03
7.912000000000000455e+02 1.468700000000000084e-03
7.910000000000000000e+02 1.611199999999999915e-03
7.907999999999999545e+02 3.957500000000000080e-03
7.906000000000000227e+02 -1.674799999999999943e-03
7.903999999999999773e+02 -1.533700000000000037e-03
7.902000000000000455e+02 1.191599999999999908e-03
7.900000000000000000e+02 1.098500000000000084e-03
7.897999999999999545e+02 -1.673699999999999971e-03
7.896000000000000227e+02 2.247600000000000205e-03
7.893999999999999773e+02 -1.706800000000000071e-03
7.892000000000000455e+02 2.986899999999999798e-03
7.890000000000000000e+02 -5.076800000000000453e-04
7.887999999999999545e+02 7.013300000000000090e-04
7.886000000000000227e+02 6.707599999999999544e-04
7.883999999999999773e+02 3.202500000000000051e-03
7.882000000000000455e+02 8.520000000000000013e-04
7.880000000000000000e+02 -1.047600000000000094e-03
7.877999999999999545e+02 -6.236699999999999969e-04
7.876000000000000227e+02 4.636399999999999723e-03
7.873999999999999773e+02 -1.795200000000000051e-03
7.872000000000000455e+02 8.351600000000000473e-04
7.870000000000000000e+02 2.225099999999999821e-03
7.867999999999999545e+02 -8.664799999999999846e-04
7.866000000000000227e+02 -1.268800000000000049e-03
7.863999999999999773e+02 -6.081100000000000307e-04
7.862000000000000455e+02 -9.038299999999999980e-04
7.860000000000000000e+02 3.258599999999999735e-04
7.857999999999999545e+02 -9.227299999999999695e-04
7.856000000000000227e+02 2.665100000000000108e-03
7.853999999999999773e+02 -1.593800000000000034e-03
7.852000000000000455e+02 -2.415299999999999999e-03
7.850000000000000000e+02 -5.762800000000000214e-03
7.847999999999999545e+02 5.437000000000000426e-04
7.846000000000000227e+02 -1.624599999999999916e-03
7.843999999999999773e+02 -6.334700000000000183e-04
7.842000000000000455e+02 8.513600000000000074e-04
7.840000000000000000e+02 2.144599999999999979e-03
7.837999999999999545e+02 3.624000000000000051e-03
7.836000000000000227e+02 5.021999999999999555e-04
7.833999999999999773e+02 -2.809999999999999998e-03
7.832000000000000455e+02 -1.789800000000000028e-03
7.830000000000000000e+02 -1.141199999999999984e-03
7.827999999999999545e+02 -1.451000000000000033e-04
7.826000000000000227e+02 -1.230799999999999939e-04
7.823999999999999773e+02 -4.880000000000000033e-05
7.822000000000000455e+02 -2.209700000000000206e-03
7.820000000000000000e+02 2.856099999999999871e-03
7.817999999999999545e+02 -2.798999999999999839e-03
7.816000000000000227e+02 -1.104200000000000060e-03
7.813999999999999773e+02 -3.165099999999999901e-04
7.812000000000000455e+02 1.896300000000000069e-03
7.810000000000000000e+02 -6.054100000000000193e-04
7.807999999999999545e+02 3.111200000000000163e-03
7.806000000000000227e+02 -2.677000000000000126e-03
7.803999999999999773e+02 4.984200000000000262e-03
7.802000000000000455e+02 -2.374900000000000101e-03
7.800000000000000000e+02 -2.192100000000000212e-03
7.797999999999999545e+02 -1.518000000000000035e-03
7.796000000000000227e+02 -3.086499999999999834e-03
7.793999999999999773e+02 -2.193800000000000090e-03
7.792000000000000455e+02 3.999599999999999857e-03
7.790000000000000000e+02 -1.559999999999999972e-05
7.787999999999999545e+02 -1.008800000000000018e-03
7.786000000000000227e+02 -5.159600000000000297e-03
7.783999999999999773e+02 -4.011899999999999668e-03
7.782000000000000455e+02 2.545200000000000067e-03
7.780000000000000000e+02 -2.963900000000000215e-03
7.777999999999999545e+02 -2.439399999999999989e-04
7.776000000000000227e+02 3.507299999999999979e-04
7.773999999999999773e+02 -2.243199999999999882e-03
7.772000000000000455e+02 -3.004099999999999999e-03
7.770000000000000000e+02 6.209100000000000383e-03
7.767999999999999545e+02 -2.125499999999999785e-03
7.766000000000000227e+02 -1.153500000000000011e-03
7.763999999999999773e+02 1.303499999999999971e-03
7.762000000000000455e+02 1.583399999999999998e-03
7.760000000000000000e+02 1.092400000000000098e-03
7.757999999999999545e+02 3.282100000000000035e-03
7.756000000000000227e+02 5.008600000000000205e-03
7.753999999999999773e+02 3.257100000000000186e-03
7.752000000000000455e+02 -3.703500000000000195e-03
7.750000000000000000e+02 -1.597499999999999962e-03
7.747999999999999545e+02 1.440199999999999987e-03
7.746000000000000227e+02 -1.180700000000000022e-03
7.743999999999999773e+02 7.659999999999999505e-06
7.742000000000000455e+02 1.124100000000000056e-03
7.740000000000000000e+02 7.438600000000000507e-04
7.737999999999999545e+02 -1.069199999999999968e-03
7.736000000000000227e+02 6.600900000000000040e-04
7.733999999999999773e+02 1.853499999999999896e-03
7.732000000000000455e+02 2.926699999999999961e-03
7.730000000000000000e+02 1.700200000000000019e-03
7.727999999999999545e+02 -6.345700000000000125e-03
7.726000000000000227e+02 -4.404899999999999788e-03
7.723999999999999773e+02 1.373700000000000051e-03
7.722000000000000455e+02 -7.646900000000000528e-04
7.720000000000000000e+02 -1.842099999999999998e-04
7.717999999999999545e+02 5.102599999999999671e-03
7.716000000000000227e+02 1.799000000000000035e-03
7.713999999999999773e+02 2.398400000000000076e-04
7.712000000000000455e+02 3.201299999999999805e-03
7.710000000000000000e+02 -1.982900000000000114e-03
7.707999999999999545e+02 -1.413399999999999986e-04
7.706000000000000227e+02 3.212599999999999918e-03
7.703999999999999773e+02 1.171299999999999902e-03
7.702000000000000455e+02 2.605399999999999903e-03
7.700000000000000000e+02 9.150000000000000147e-05
7.697999999999999545e+02 -1.090199999999999936e-03
7.696000000000000227e+02 5.645599999999999750e-04
7.693999999999999773e+02 2.172299999999999839e-03
7.692000000000000455e+02 -6.506700000000000027e-04
7.690000000000000000e+02 2.140299999999999928e-03
7.687999999999999545e+02 2.013500000000000099e-03
7.686000000000000227e+02 -6.495399999999999915e-04
7.683999999999999773e+02 -2.637000000000000021e-03
7.682000000000000455e+02 3.131099999999999942e-03
7.680000000000000000e+02 -8.974500000000000489e-04
7.677999999999999545e+02 1.831100000000000002e-03
7.676000000000000227e+02 2.380900000000000030e-03
7.673999999999999773e+02 3.657999999999999793e-03
7.672000000000000455e+02 7.842599999999999485e-04
7.670000000000000000e+02 -6.700000000000000226e-05
7.667999999999999545e+02 1.145600000000000090e-03
7.666000000000000227e+02 2.225800000000000001e-03
7.663999999999999773e+02 2.804599999999999975e-03
7.662000000000000455e+02 -2.093400000000000035e-03
7.660000000000000000e+02 5.888700000000000184e-04
7.657999999999999545e+02 1.741300000000000096e-03
7.656000000000000227e+02 -2.069999999999999832e-05
7.653999999999999773e+02 -1.214299999999999971e-03
7.652000000000000455e+02 -1.110199999999999989e-03
7.650000000000000000e+02 6.556199999999999875e-03
7.647999999999999545e+02 3.153599999999999893e-03
7.646000000000000227e+02 3.278099999999999938e-04
7.643999999999999773e+02 1.945399999999999907e-03
7.642000000000000455e+02 9.367800000000000129e-04
7.640000000000000000e+02 4.192799999999999999e-03
7.637999999999999545e+02 -9.160000000000000390e-04
7.636000000000000227e+02 -1.324799999999999893e-03
7.633999999999999773e+02 4.649000000000000354e-03
7.632000000000000455e+02 -2.981200000000000256e-04
7.630000000000000000e+02 1.674900000000000000e-03
7.627999999999999545e+02 1.280000000000000105e-03
7.626000000000000227e+02 1.639699999999999903e-04
7.623999999999999773e+02 7.239100000000000265e-04
7.622000000000000455e+02 2.704900000000000208e-04
7.620000000000000000e+02 1.987800000000000070e-03
7.617999999999999545e+02 1.355300000000000038e-03
7.616000000000000227e+02 4.466200000000000031e-03
7.613999999999999773e+02 1.702500000000000020e-03
7.612000000000000455e+02 -2.955800000000000181e-03
7.610000000000000000e+02 -2.092099999999999949e-03
7.607999999999999545e+02 6.502300000000000137e-04
7.606000000000000227e+02 -2.510599999999999984e-03
7.603999999999999773e+02 -3.077400000000000101e-03
7.602000000000000455e+02 2.983299999999999928e-03
7.600000000000000000e+02 -1.730400000000000102e-04
7.597999999999999545e+02 -5.906000000000000442e-04
7.596000000000000227e+02 7.803699999999999569e-04
7.593999999999999773e+02 -1.046199999999999951e-03
7.592000000000000455e+02 1.650900000000000067e-03
7.590000000000000000e+02 4.312299999999999814e-03
7.587999999999999545e+02 1.467599999999999894e-03
7.586000000000000227e+02 -2.345499999999999929e-03
7.583999999999999773e+02 -2.660099999999999878e-03
7.582000000000000455e+02 -5.259899999999999645e-03
7.580000000000000000e+02 -1.464100000000000080e-03
7.577999999999999545e+02 2.762600000000000147e-04
7.576000000000000227e+02 -1.494000000000000102e-03
7.573999999999999773e+02 5.700000000000000314e-05
7.572000000000000455e+02 3.306499999999999977e-03
7.570000000000000000e+02 4.994600000000000081e-03
7.567999999999999545e+02 3.415800000000000086e-03
7.566000000000000227e+02 -2.342200000000000011e-03
7.563999999999999773e+02 1.351299999999999940e-03
7.562000000000000455e+02 3.369299999999999986e-03
7.560000000000000000e+02 -1.169899999999999976e-03
7.557999999999999545e+02 6.496499999999999888e-04
7.556000000000000227e+02 4.071199999999999646e-03
7.553999999999999773e+02 -1.169499999999999967e-03
7.552000000000000455e+02 1.744799999999999910e-03
7.550000000000000000e+02 1.089799999999999927e-03
7.547999999999999545e+02 -4.167599999999999603e-03
7.546000000000000227e+02 4.449999999999999746e-05
7.543999999999999773e+02 2.699599999999999916e-03
7.542000000000000455e+02 3.365600000000000167e-04
7.540000000000000000e+02 -1.166200000000000049e-03
7.537999999999999545e+02 7.959300000000000316e-04
7.536000000000000227e+02 1.874199999999999911e-03
7.533999999999999773e+02 -1.076099999999999973e-03
7.532000000000000455e+02 1.575500000000000077e-03
7.530000000000000000e+02 1.248600000000000100e-03
7.527999999999999545e+02 2.163500000000000058e-03
7.526000000000000227e+02 -2.178499999999999881e-03
7.523999999999999773e+02 -4.611099999999999921e-03
7.522000000000000455e+02 1.933500000000000106e-03
7.520000000000000000e+02 -4.731100000000000236e-03
7.517999999999999545e+02 1.042699999999999920e-03
7.516000000000000227e+02 9.439099999999999531e-04
7.513999999999999773e+02 1.789800000000000028e-03
7.512000000000000455e+02 1.999599999999999815e-03
7.510000000000000000e+02 4.848899999999999738e-03
7.507999999999999545e+02 -5.173099999999999921e-03
7.506000000000000227e+02 8.371700000000000365e-04
7.503999999999999773e+02 -1.475200000000000079e-03
7.502000000000000455e+02 2.313200000000000065e-03
7.500000000000000000e+02 1.591399999999999976e-03
7.497999999999999545e+02 -1.702799999999999973e-03
7.496000000000000227e+02 -1.892299999999999972e-03
7.493999999999999773e+02 2.486300000000000099e-04
7.492000000000000455e+02 3.250499999999999917e-03
7.490000000000000000e+02 2.134000000000000046e-03
7.487999999999999545e+02 -4.989999999999999997e-05
7.486000000000000227e+02 1.256300000000000017e-04
7.483999999999999773e+02 5.089100000000000047e-03
7.482000000000000455e+02 4.479099999999999857e-04
7.480000000000000000e+02 2.232399999999999836e-03
7.477999999999999545e+02 1.095599999999999959e-03
7.476000000000000227e+02 3.061599999999999825e-03
7.473999999999999773e+02 -1.924900000000000005e-03
7.472000000000000455e+02 3.282499999999999828e-03
7.470000000000000000e+02 2.015799999999999884e-03
7.467999999999999545e+02 1.857200000000000040e-03
7.466000000000000227e+02 2.112800000000000181e-03
7.463999999999999773e+02 -9.183799999999999993e-04
7.462000000000000455e+02 -1.471099999999999925e-03
7.460000000000000000e+02 -4.533800000000000265e-04
7.457999999999999545e+02 -3.909799999999999734e-03
7.456000000000000227e+02 2.201600000000000171e-03
7.453999999999999773e+02 4.518199999999999994e-03
7.452000000000000455e+02 2.381600000000000101e-04
7.450000000000000000e+02 2.442000000000000160e-03
7.447999999999999545e+02 3.367999999999999900e-03
7.446000000000000227e+02 -2.478499999999999800e-03
7.443999999999999773e+02 1.227599999999999915e-03
7.442000000000000455e+02 1.665400000000000040e-03
7.440000000000000000e+02 -1.556300000000000044e-03
7.437999999999999545e+02 2.174600000000000057e-03
7.436000000000000227e+02 -3.106600000000000160e-03
7.433999999999999773e+02 -3.792100000000000071e-03
7.432000000000000455e+02 -3.062599999999999958e-03
7.430000000000000000e+02 1.332999999999999984e-03
7.427999999999999545e+02 3.444699999999999867e-04
7.426000000000000227e+02 7.825399999999999717e-04
7.423999999999999773e+02 5.933800000000000142e-04
7.422000000000000455e+02 1.137299999999999943e-03
7.420000000000000000e+02 4.088399999999999847e-03
7.417999999999999545e+02 -2.393600000000000068e-03
7.416000000000000227e+02 1.195499999999999948e-03
7.413999999999999773e+02 -1.737400000000000055e-03
7.412000000000000455e+02 6.738999999999999548e-04
7.410000000000000000e+02 1.225299999999999914e-03
7.407999999999999545e+02 2.774899999999999849e-03
7.406000000000000227e+02 -6.190899999999999832e-04
7.403999999999999773e+02 -1.059100000000000102e-03
7.402000000000000455e+02 -4.872400000000000038e-04
7.400000000000000000e+02 2.173500000000000085e-03
7.397999999999999545e+02 2.607999999999999967e-04
7.396000000000000227e+02 2.077100000000000127e-03
7.393999999999999773e+02 -1.824399999999999893e-03
7.392000000000000455e+02 2.295000000000000165e-03
7.390000000000000000e+02 -3.861700000000000245e-04
7.387999999999999545e+02 8.926900000000000199e-04
7.386000000000000227e+02 -5.194200000000000379e-03
7.383999999999999773e+02 2.069200000000000206e-03
7.382000000000000455e+02 2.366099999999999887e-03
7.380000000000000000e+02 -2.506899999999999840e-03
7.377999999999999545e+02 -1.872799999999999986e-03
7.376000000000000227e+02 4.853299999999999628e-03
7.373999999999999773e+02 3.875599999999999878e-03
7.372000000000000455e+02 1.270000000000000078e-03
7.370000000000000000e+02 -2.005700000000000018e-03
7.367999999999999545e+02 1.358499999999999899e-03
7.366000000000000227e+02 3.678999999999999979e-03
7.363999999999999773e+02 3.298300000000000103e-03
7.362000000000000455e+02 2.518900000000000132e-03
7.360000000000000000e+02 9.433999999999999461e-04
7.357999999999999545e+02 -1.731399999999999910e-03
7.356000000000000227e+02 2.283499999999999940e-04
7.353999999999999773e+02 2.685700000000000066e-03
7.352000000000000455e+02 2.953700000000000075e-03
7.350000000000000000e+02 1.627200000000000087e-03
7.347999999999999545e+02 1.328100000000000027e-03
7.346000000000000227e+02 4.734300000000000314e-03
7.343999999999999773e+02 6.921899999999999711e-04
7.342000000000000455e+02 1.874400000000000024e-03
7.340000000000000000e+02 2.522100000000000210e-03
7.337999999999999545e+02 1.296000000000000060e-03
7.336000000000000227e+02 8.799999999999999771e-05
7.333999999999999773e+02 -1.722899999999999920e-04
7.332000000000000455e+02 4.998999999999999971e-03
7.330000000000000000e+02 -1.152800000000000049e-03
7.327999999999999545e+02 -5.149599999999999837e-03
7.326000000000000227e+02 1.390699999999999922e-03
7.323999999999999773e+02 -4.428599999999999984e-04
7.322000000000000455e+02 7.807800000000000157e-04
7.320000000000000000e+02 -1.267099999999999954e-03
7.317999999999999545e+02 2.032200000000000065e-03
7.316000000000000227e+02 3.717500000000000101e-04
7.313999999999999773e+02 -2.420100000000000116e-03
7.312000000000000455e+02 2.142900000000000100e-03
7.310000000000000000e+02 -3.407300000000000259e-04
7.307999999999999545e+02 2.133900000000000206e-03
7.306000000000000227e+02 4.864599999999999740e-04
7.303999999999999773e+02 -2.725200000000000105e-03
7.302000000000000455e+02 8.932700000000000449e-04
7.300000000000000000e+02 -1.102200000000000011e-03
7.297999999999999545e+02 -2.136799999999999897e-03
7.296000000000000227e+02 2.903000000000000198e-03
7.293999999999999773e+02 -4.365499999999999589e-03
7.292000000000000455e+02 -5.565900000000000361e-03
7.290000000000000000e+02 3.806999999999999837e-04
7.287999999999999545e+02 -2.873199999999999799e-03
7.286000000000000227e+02 -6.489199999999999873e-04
7.283999999999999773e+02 -5.906299999999999745e-03
7.282000000000000455e+02 -1.722500000000000073e-03
7.280000000000000000e+02 -4.238500000000000080e-03
7.277999999999999545e+02 -3.479999999999999885e-05
7.276000000000000227e+02 -4.597000000000000066e-04
7.273999999999999773e+02 -8.683999999999999662e-04
7.272000000000000455e+02 6.530000000000000160e-05
7.270000000000000000e+02 -1.808900000000000004e-03
7.267999999999999545e+02 4.260599999999999804e-03
7.266000000000000227e+02 -1.124100000000000056e-03
7.263999999999999773e+02 4.817600000000000007e-03
7.262000000000000455e+02 3.284299999999999980e-03
7.260000000000000000e+02 3.044199999999999944e-03
7.257999999999999545e+02 -1.093699999999999967e-03
7.256000000000000227e+02 1.717100000000000050e-03
7.253999999999999773e+02 9.897400000000000208e-04
7.252000000000000455e+02 2.325300000000000197e-03
7.250000000000000000e+02 -5.897300000000000068e-04
7.247999999999999545e+02 1.495000000000000018e-03
7.246000000000000227e+02 -5.825699999999999629e-03
7.243999999999999773e+02 -3.259699999999999924e-03
7.242000000000000455e+02 -7.744899999999999658e-04
7.240000000000000000e+02 -6.055599999999999958e-04
7.237999999999999545e+02 3.133299999999999887e-03
7.236000000000000227e+02 1.054500000000000099e-03
7.233999999999999773e+02 3.633099999999999784e-03
7.232000000000000455e+02 1.215099999999999991e-03
7.230000000000000000e+02 1.264099999999999989e-03
7.227999999999999545e+02 3.483500000000000051e-03
7.226000000000000227e+02 -2.861100000000000101e-03
7.223999999999999773e+02 -3.002900000000000187e-03
7.222000000000000455e+02 5.001600000000000360e-04
7.220000000000000000e+02 1.536100000000000096e-03
7.217999999999999545e+02 1.008599999999999905e-03
7.216000000000000227e+02 -2.299300000000000215e-03
7.213999999999999773e+02 -3.177099999999999976e-03
7.212000000000000455e+02 2.607799999999999962e-03
7.210000000000000000e+02 -1.141499999999999937e-03
7.207999999999999545e+02 1.257899999999999947e-03
7.206000000000000227e+02 -5.176199999999999725e-03
7.203999999999999773e+02 2.120299999999999876e-03
7.202000000000000455e+02 -1.048099999999999943e-03
7.200000000000000000e+02 -3.124000000000000041e-03
7.197999999999999545e+02 -6.540000000000000403e-05
7.196000000000000227e+02 1.756600000000000088e-03
7.193999999999999773e+02 -1.288999999999999998e-03
7.192000000000000455e+02 8.579999999999999845e-05
7.190000000000000000e+02 -1.301999999999999989e-03
7.187999999999999545e+02 1.064300000000000012e-03
7.186000000000000227e+02 2.010200000000000181e-03
7.183999999999999773e+02 -2.367499999999999813e-03
7.182000000000000455e+02 6.221899999999999827e-03
7.180000000000000000e+02 2.046899999999999935e-03
7.177999999999999545e+02 2.534799999999999814e-03
7.176000000000000227e+02 2.521900000000000096e-03
7.173999999999999773e+02 1.562100000000000077e-03
7.172000000000000455e+02 -1.269399999999999955e-03
7.170000000000000000e+02 1.979700000000000036e-03
7.167999999999999545e+02 4.818399999999999810e-04
7.166000000000000227e+02 -1.373300000000000042e-03
7.163999999999999773e+02 1.011500000000000029e-03
7.162000000000000455e+02 -2.670200000000000178e-03
7.160000000000000000e+02 2.725599999999999898e-03
7.157999999999999545e+02 -1.254899999999999982e-03
7.156000000000000227e+02 2.220100000000000025e-03
7.153999999999999773e+02 1.313699999999999894e-03
7.152000000000000455e+02 1.470200000000000066e-03
7.150000000000000000e+02 3.840399999999999890e-04
7.147999999999999545e+02 -3.619499999999999888e-03
7.146000000000000227e+02 -1.881100000000000133e-04
7.143999999999999773e+02 -3.197100000000000029e-03
7.142000000000000455e+02 4.723699999999999947e-03
7.140000000000000000e+02 2.249300000000000030e-04
7.137999999999999545e+02 -4.442000000000000093e-04
7.136000000000000227e+02 -4.619999999999999812e-05
7.133999999999999773e+02 -1.667800000000000098e-03
7.132000000000000455e+02 2.255599999999999966e-03
7.130000000000000000e+02 4.981099999999999590e-04
7.127999999999999545e+02 7.799999999999999859e-05
7.126000000000000227e+02 1.298200000000000005e-03
7.123999999999999773e+02 -3.475199999999999904e-03
7.122000000000000455e+02 5.935900000000000030e-03
7.120000000000000000e+02 -1.143099999999999975e-03
7.117999999999999545e+02 -2.785800000000000060e-04
7.116000000000000227e+02 5.782699999999999993e-03
7.113999999999999773e+02 -2.278800000000000096e-03
7.112000000000000455e+02 -1.307400000000000012e-03
7.110000000000000000e+02 -1.715100000000000001e-03
7.107999999999999545e+02 -1.883599999999999923e-04
7.106000000000000227e+02 -1.940300000000000054e-03
7.103999999999999773e+02 -2.222500000000000083e-03
7.102000000000000455e+02 -1.015999999999999976e-03
7.100000000000000000e+02 -5.777799999999999603e-04
7.097999999999999545e+02 -8.428199999999999841e-04
7.096000000000000227e+02 -8.186499999999999767e-04
7.093999999999999773e+02 1.134100000000000001e-04
7.092000000000000455e+02 2.250499999999999896e-03
7.090000000000000000e+02 1.775499999999999952e-03
7.087999999999999545e+02 -7.000300000000000316e-04
7.086000000000000227e+02 -2.909600000000000034e-03
7.083999999999999773e+02 -5.137699999999999819e-04
7.082000000000000455e+02 -2.759999999999999867e-03
7.080000000000000000e+02 -9.090800000000000443e-04
7.077999999999999545e+02 -1.549199999999999926e-03
7.076000000000000227e+02 3.353399999999999979e-04
7.073999999999999773e+02 -3.200899999999999796e-04
7.072000000000000455e+02 -6.057499999999999517e-04
7.070000000000000000e+02 1.072199999999999933e-03
7.067999999999999545e+02 -1.779699999999999945e-03
7.066000000000000227e+02 2.584799999999999945e-03
7.063999999999999773e+02 1.038200000000000055e-04
7.062000000000000455e+02 -1.412400000000000070e-03
7.060000000000000000e+02 4.391299999999999891e-03
7.057999999999999545e+02 -1.965900000000000026e-03
7.056000000000000227e+02 7.741100000000000541e-04
7.053999999999999773e+02 1.156200000000000023e-03
7.052000000000000455e+02 -4.149399999999999812e-04
7.050000000000000000e+02 1.276800000000000027e-03
7.047999999999999545e+02 -1.883799999999999928e-03
7.046000000000000227e+02 -1.326600000000000045e-03
7.043999999999999773e+02 2.260900000000000149e-03
7.042000000000000455e+02 -2.859700000000000176e-03
7.040000000000000000e+02 1.517899999999999978e-03
7.037999999999999545e+02 -5.722200000000000203e-04
7.036000000000000227e+02 4.640399999999999820e-04
7.033999999999999773e+02 -1.170500000000000099e-03
7.032000000000000455e+02 1.757400000000000108e-03
7.030000000000000000e+02 -2.966200000000000000e-03
7.027999999999999545e+02 4.223900000000000050e-03
7.026000000000000227e+02 1.457799999999999981e-03
7.023999999999999773e+02 -2.492999999999999990e-03
7.022000000000000455e+02 9.186199999999999834e-04
7.020000000000000000e+02 6.250799999999999716e-04
7.017999999999999545e+02 -4.703099999999999880e-04
7.016000000000000227e+02 -8.231000000000000035e-04
7.013999999999999773e+02 -1.382900000000000058e-03
7.012000000000000455e+02 6.137500000000000377e-04
7.010000000000000000e+02 -8.416499999999999936e-04
7.007999999999999545e+02 5.153099999999999868e-03
7.006000000000000227e+02 1.679099999999999994e-03
7.003999999999999773e+02 1.184399999999999976e-04
7.002000000000000455e+02 1.782799999999999966e-03
7.000000000000000000e+02 1.995600000000000152e-03
6.997999999999999545e+02 3.880600000000000217e-04
6.996000000000000227e+02 -4.071599999999999981e-04
6.993999999999999773e+02 8.137599999999999608e-04
6.992000000000000455e+02 2.144800000000000092e-03
6.990000000000000000e+02 -1.028499999999999900e-03
6.987999999999999545e+02 2.997099999999999938e-03
6.986000000000000227e+02 -1.022799999999999924e-03
6.983999999999999773e+02 -1.563000000000000045e-04
6.982000000000000455e+02 6.393800000000000481e-04
6.980000000000000000e+02 1.709400000000000025e-03
6.977999999999999545e+02 -1.932399999999999916e-03
6.976000000000000227e+02 -2.036200000000000163e-03
6.973999999999999773e+02 -2.126499999999999918e-04
6.972000000000000455e+02 2.269100000000000077e-04
6.970000000000000000e+02 1.788499999999999942e-03
6.967999999999999545e+02 -8.217499999999999978e-04
6.966000000000000227e+02 2.293400000000000126e-03
6.963999999999999773e+02 2.326200000000000056e-03
6.962000000000000455e+02 -1.849100000000000006e-03
6.960000000000000000e+02 -1.042100000000000014e-03
6.957999999999999545e+02 -4.369700000000000125e-04
6.956000000000000227e+02 -8.317199999999999854e-04
6.953999999999999773e+02 1.061499999999999944e-03
6.952000000000000455e+02 3.981300000000000117e-03
6.950000000000000000e+02 -2.983899999999999942e-04
6.947999999999999545e+02 -1.237100000000000092e-03
6.946000000000000227e+02 6.753100000000000378e-04
6.943999999999999773e+02 1.034100000000000037e-03
6.942000000000000455e+02 2.649599999999999785e-03
6.940000000000000000e+02 -2.179299999999999900e-03
6.937999999999999545e+02 1.443999999999999971e-03
6.936000000000000227e+02 2.509899999999999805e-03
6.933999999999999773e+02 -2.579199999999999809e-03
6.932000000000000455e+02 -2.915500000000000123e-03
6.930000000000000000e+02 2.207999999999999893e-03
6.927999999999999545e+02 2.707000000000000205e-03
6.926000000000000227e+02 6.271599999999999788e-04
6.923999999999999773e+02 7.357699999999999570e-04
6.922000000000000455e+02 3.455900000000000031e-04
6.920000000000000000e+02 -3.500599999999999979e-03
6.917999999999999545e+02 4.480500000000000108e-03
6.916000000000000227e+02 4.953200000000000484e-04
6.913999999999999773e+02 -3.706499999999999834e-04
6.912000000000000455e+02 -3.072899999999999937e-03
6.910000000000000000e+02 -5.829399999999999990e-04
6.907999999999999545e+02 2.686800000000000039e-03
6.906000000000000227e+02 -3.280799999999999949e-03
6.903999999999999773e+02 3.572900000000000164e-04
6.902000000000000455e+02 -1.580499999999999928e-04
6.900000000000000000e+02 -1.345599999999999965e-03
6.897999999999999545e+02 -1.763199999999999924e-03
6.896000000000000227e+02 3.403499999999999841e-03
6.893999999999999773e+02 7.582399999999999774e-04
6.892000000000000455e+02 1.135200000000000055e-03
6.890000000000000000e+02 -9.829699999999998942e-04
6.887999999999999545e+02 1.521500000000000066e-03
6.886000000000000227e+02 -1.920600000000000009e-04
6.883999999999999773e+02 1.048799999999999906e-03
6.882000000000000455e+02 2.534799999999999922e-04
6.880000000000000000e+02 -5.070800000000000307e-04
6.877999999999999545e+02 -4.020000000000000136e-03
6.876000000000000227e+02 -2.009400000000000107e-04
6.873999999999999773e+02 1.234000000000000071e-03
6.872000000000000455e+02 -7.469100000000000435e-04
6.870000000000000000e+02 -3.697600000000000105e-03
6.867999999999999545e+02 -1.419600000000000029e-03
6.866000000000000227e+02 1.846699999999999947e-03
6.863999999999999773e+02 -3.164999999999999845e-03
6.862000000000000455e+02 9.789999999999999441e-05
6.860000000000000000e+02 -4.166500000000000065e-03
6.857999999999999545e+02 3.655300000000000216e-03
6.856000000000000227e+02 -1.264900000000000009e-03
6.853999999999999773e+02 4.864499999999999792e-04
6.852000000000000455e+02 2.681900000000000082e-03
6.850000000000000000e+02 1.259399999999999929e-03
6.847999999999999545e+02 6.108799999999999517e-04
6.846000000000000227e+02 -8.318800000000000109e-04
6.843999999999999773e+02 1.553500000000000085e-04
6.842000000000000455e+02 -6.179999999999999784e-05
6.840000000000000000e+02 1.310100000000000023e-03
6.837999999999999545e+02 2.283900000000000166e-03
6.836000000000000227e+02 -4.970000000000000188e-05
6.833999999999999773e+02 9.398499999999999953e-04
6.832000000000000455e+02 -2.313500000000000018e-03
6.830000000000000000e+02 3.494099999999999984e-03
6.827999999999999545e+02 2.402399999999999848e-03
6.826000000000000227e+02 -1.754600000000000040e-03
6.823999999999999773e+02 1.127299999999999998e-04
6.822000000000000455e+02 2.623599999999999804e-03
6.820000000000000000e+02 1.407700000000000010e-03
6.817999999999999545e+02 1.382600000000000105e-03
6.816000000000000227e+02 5.576799999999999813e-03
6.813999999999999773e+02 -1.609500000000000037e-03
6.812000000000000455e+02 2.516500000000000074e-03
6.810000000000000000e+02 -3.066799999999999843e-04
6.807999999999999545e+02 -2.453100000000000159e-03
6.806000000000000227e+02 -1.539800000000000023e-03
6.803999999999999773e+02 1.588800000000000021e-03
6.802000000000000455e+02 -1.660599999999999923e-03
6.800000000000000000e+02 -3.224799999999999889e-03
6.797999999999999545e+02 5.191300000000000255e-04
6.796000000000000227e+02 3.604500000000000065e-04
6.793999999999999773e+02 1.302200000000000102e-03
6.792000000000000455e+02 2.249199999999999811e-03
6.790000000000000000e+02 -2.795000000000000175e-04
6.787999999999999545e+02 -9.696200000000000305e-04
6.786000000000000227e+02 -2.014000000000000165e-03
6.783999999999999773e+02 1.031800000000000035e-03
6.782000000000000455e+02 3.674699999999999928e-03
6.780000000000000000e+02 1.767600000000000031e-03
6.777999999999999545e+02 -3.749999999999999671e-05
6.776000000000000227e+02 -1.071200000000000017e-03
6.773999999999999773e+02 8.844900000000000375e-04
6.772000000000000455e+02 9.212800000000000156e-04
6.770000000000000000e+02 -4.175100000000000165e-03
6.767999999999999545e+02 1.016900000000000052e-03
6.766000000000000227e+02 2.830200000000000164e-03
6.763999999999999773e+02 7.249300000000000188e-03
6.762000000000000455e+02 1.843000000000000020e-03
6.760000000000000000e+02 2.383599999999999879e-04
6.757999999999999545e+02 -1.899400000000000090e-03
6.756000000000000227e+02 1.924099999999999986e-03
6.753999999999999773e+02 1.678900000000000097e-03
6.752000000000000455e+02 1.259600000000000043e-03
6.750000000000000000e+02 -1.735500000000000063e-03
6.747999999999999545e+02 -4.208700000000000006e-04
6.746000000000000227e+02 4.234199999999999596e-03
6.743999999999999773e+02 2.575200000000000145e-03
6.742000000000000455e+02 1.512700000000000069e-03
6.740000000000000000e+02 8.141300000000000403e-04
6.737999999999999545e+02 1.801700000000000046e-03
6.736000000000000227e+02 3.951399999999999878e-03
6.733999999999999773e+02 -1.088400000000000001e-03
6.732000000000000455e+02 8.602899999999999913e-04
6.730000000000000000e+02 -3.039800000000000054e-03
6.727999999999999545e+02 -5.456400000000000139e-03
6.726000000000000227e+02 -4.240000000000000062e-06
6.723999999999999773e+02 6.501099999999999674e-04
6.722000000000000455e+02 -1.771100000000000061e-03
6.720000000000000000e+02 -4.306399999999999833e-04
6.717999999999999545e+02 1.821899999999999995e-03
6.716000000000000227e+02 4.983799999999999819e-04
6.713999999999999773e+02 -8.262599999999999936e-04
6.712000000000000455e+02 -1.970400000000000190e-03
6.710000000000000000e+02 -5.483900000000000536e-04
6.707999999999999545e+02 1.621100000000000102e-03
6.706000000000000227e+02 -1.556300000000000044e-03
6.703999999999999773e+02 1.446800000000000039e-03
6.702000000000000455e+02 5.421599999999999727e-04
6.700000000000000000e+02 6.302499999999999509e-04
6.697999999999999545e+02 8.969999999999999838e-05
6.696000000000000227e+02 1.338699999999999959e-03
6.693999999999999773e+02 -2.963100000000000196e-03
6.692000000000000455e+02 -1.356500000000000067e-03
6.690000000000000000e+02 1.941400000000000027e-03
6.687999999999999545e+02 -3.318399999999999996e-03
6.686000000000000227e+02 -1.349699999999999902e-03
6.683999999999999773e+02 1.556199999999999988e-03
6.682000000000000455e+02 2.833399999999999808e-03
6.680000000000000000e+02 -4.181800000000000274e-03
6.677999999999999545e+02 -3.372599999999999903e-03
6.676000000000000227e+02 -2.952100000000000145e-04
6.673999999999999773e+02 1.337099999999999921e-03
6.672000000000000455e+02 -3.399200000000000116e-04
6.670000000000000000e+02 -9.540000000000000140e-05
6.667999999999999545e+02 -1.395000000000000027e-04
6.666000000000000227e+02 3.444599999999999919e-03
6.663999999999999773e+02 3.425599999999999999e-03
6.662000000000000455e+02 2.252399999999999888e-03
6.660000000000000000e+02 -4.385000000000000009e-03
6.657999999999999545e+02 3.130099999999999810e-03
6.656000000000000227e+02 -1.837000000000000091e-03
6.653999999999999773e+02 -5.125099999999999621e-03
6.652000000000000455e+02 -2.498400000000000013e-03
6.650000000000000000e+02 1.765700000000000039e-03
6.647999999999999545e+02 1.204699999999999955e-03
6.646000000000000227e+02 -2.192899999999999797e-03
6.643999999999999773e+02 1.436599999999999900e-03
6.642000000000000455e+02 1.795099999999999994e-03
6.640000000000000000e+02 -5.395099999999999896e-03
6.637999999999999545e+02 1.669200000000000024e-03
6.636000000000000227e+02 2.917599999999999794e-03
6.633999999999999773e+02 1.300900000000000016e-03
6.632000000000000455e+02 -3.185700000000000077e-03
6.630000000000000000e+02 1.139100000000000095e-03
6.627999999999999545e+02 -4.283800000000000151e-04
6.626000000000000227e+02 -9.541099999999999842e-04
6.623999999999999773e+02 -1.581900000000000016e-04
6.622000000000000455e+02 -1.089600000000000030e-03
6.620000000000000000e+02 3.555099999999999840e-03
6.617999999999999545e+02 -9.481799999999999647e-04
6.616000000000000227e+02 -3.432900000000000014e-03
6.613999999999999773e+02 3.370199999999999954e-04
6.612000000000000455e+02 -4.314000000000000235e-04
6.610000000000000000e+02 -4.926200000000000370e-03
6.607999999999999545e+02 1.601400000000000002e-03
6.606000000000000227e+02 -1.887699999999999968e-03
6.603999999999999773e+02 9.184899999999999965e-04
6.602000000000000455e+02 3.548800000000000175e-04
6.600000000000000000e+02 8.828500000000000193e-04
6.597999999999999545e+02 -1.877799999999999999e-03
6.596000000000000227e+02 -7.700000000000000139e-05
6.593999999999999773e+02 3.345900000000000176e-03
6.592000000000000455e+02 -1.697500000000000007e-03
6.590000000000000000e+02 -1.779999999999999898e-05
6.587999999999999545e+02 1.588199999999999898e-03
6.586000000000000227e+02 2.996599999999999871e-03
6.583999999999999773e+02 1.327199999999999951e-03
6.582000000000000455e+02 2.919999999999999853e-03
6.580000000000000000e+02 1.791000000000000057e-03
6.577999999999999545e+02 -1.118499999999999920e-03
6.576000000000000227e+02 1.544500000000000083e-03
6.573999999999999773e+02 2.343099999999999870e-03
6.572000000000000455e+02 -4.648000000000000222e-03
6.570000000000000000e+02 -2.252500000000000162e-03
6.567999999999999545e+02 -1.083500000000000045e-03
6.566000000000000227e+02 2.529200000000000111e-03
6.563999999999999773e+02 1.087199999999999972e-03
6.562000000000000455e+02 1.866400000000000047e-03
6.560000000000000000e+02 2.130899999999999808e-03
6.557999999999999545e+02 -2.074499999999999955e-03
6.556000000000000227e+02 -1.622699999999999924e-03
6.553999999999999773e+02 -1.894800000000000087e-03
6.552000000000000455e+02 -5.522399999999999575e-04
6.550000000000000000e+02 -1.383099999999999954e-03
6.547999999999999545e+02 6.049399999999999916e-04
6.546000000000000227e+02 1.142500000000000069e-03
6.543999999999999773e+02 6.357800000000000257e-03
6.542000000000000455e+02 3.076900000000000034e-03
6.540000000000000000e+02 -5.414999999999999675e-03
6.537999999999999545e+02 1.516900000000000063e-03
6.536000000000000227e+02 -2.161499999999999793e-03
6.533999999999999773e+02 -1.816200000000000019e-03
6.532000000000000455e+02 1.609100000000000027e-04
6.530000000000000000e+02 3.562500000000000128e-04
6.527999999999999545e+02 -8.683599999999999869e-04
6.526000000000000227e+02 -8.872799999999999481e-04
6.523999999999999773e+02 6.103200000000000248e-04
6.522000000000000455e+02 -3.328400000000000022e-03
6.520000000000000000e+02 -2.965999999999999995e-04
6.517999999999999545e+02 -1.077100000000000106e-03
6.516000000000000227e+02 2.561900000000000201e-03
6.513999999999999773e+02 2.421400000000000201e-03
6.512000000000000455e+02 -1.064499999999999908e-03
6.510000000000000000e+02 2.276900000000000104e-04
6.507999999999999545e+02 5.739200000000000074e-04
6.506000000000000227e+02 -1.365799999999999968e-04
6.503999999999999773e+02 1.572300000000000000e-03
6.502000000000000455e+02 1.561799999999999907e-03
6.500000000000000000e+02 1.843900000000000096e-03
6.497999999999999545e+02 3.782699999999999951e-04
6.496000000000000227e+02 2.755399999999999863e-03
6.493999999999999773e+02 -5.428399999999999458e-04
6.492000000000000455e+02 -9.206099999999999830e-04
6.490000000000000000e+02 -1.973799999999999947e-03
6.487999999999999545e+02 -4.102099999999999909e-04
6.486000000000000227e+02 -2.348400000000000053e-03
6.483999999999999773e+02 -1.528400000000000071e-04
6.482000000000000455e+02 3.238399999999999786e-03
6.480000000000000000e+02 -5.335499999999999965e-03
6.477999999999999545e+02 2.130599999999999964e-04
6.476000000000000227e+02 8.068800000000000538e-04
6.473999999999999773e+02 5.360600000000000087e-03
6.472000000000000455e+02 -3.009299999999999801e-04
6.470000000000000000e+02 2.721700000000000074e-03
6.467999999999999545e+02 3.768300000000000035e-03
6.466000000000000227e+02 -2.014999999999999864e-03
6.463999999999999773e+02 4.787600000000000037e-04
6.462000000000000455e+02 2.570199999999999915e-03
6.460000000000000000e+02 -5.606100000000000146e-04
6.457999999999999545e+02 2.254000000000000036e-04
6.456000000000000227e+02 -2.689999999999999995e-05
6.453999999999999773e+02 -2.945099999999999975e-03
6.452000000000000455e+02 1.874599999999999921e-03
6.450000000000000000e+02 -2.689099999999999824e-03
6.447999999999999545e+02 -7.145199999999999555e-04
6.446000000000000227e+02 -2.763999999999999964e-03
6.443999999999999773e+02 -1.237899999999999895e-03
6.442000000000000455e+02 -1.495400000000000028e-03
6.440000000000000000e+02 -3.077600000000000214e-03
6.437999999999999545e+02 -2.625000000000000163e-03
6.436000000000000227e+02 2.576300000000000118e-03
6.433999999999999773e+02 1.536800000000000058e-03
6.432000000000000455e+02 7.406799999999999625e-04
6.430000000000000000e+02 -6.829199999999999464e-04
6.427999999999999545e+02 -1.289999999999999914e-03
6.426000000000000227e+02 2.873300000000000073e-03
6.423999999999999773e+02 9.607599999999999561e-04
6.422000000000000455e+02 3.562600000000000077e-04
6.420000000000000000e+02 9.106799999999999748e-04
6.417999999999999545e+02 3.071899999999999804e-03
6.416000000000000227e+02 -7.117199999999999959e-04
6.413999999999999773e+02 1.510300000000000011e-03
6.412000000000000455e+02 1.552800000000000014e-03
6.410000000000000000e+02 -7.971099999999999627e-04
6.407999999999999545e+02 -5.589899999999999860e-04
6.406000000000000227e+02 -4.580000000000000195e-05
6.403999999999999773e+02 -1.608099999999999894e-03
6.402000000000000455e+02 9.871000000000000867e-04
6.400000000000000000e+02 1.229899999999999917e-03
6.397999999999999545e+02 2.775999999999999822e-03
6.396000000000000227e+02 1.095300000000000006e-03
6.393999999999999773e+02 3.693699999999999956e-04
6.392000000000000455e+02 3.519599999999999899e-03
6.390000000000000000e+02 -2.688300000000000130e-04
6.387999999999999545e+02 3.824199999999999822e-03
6.386000000000000227e+02 1.574600000000000001e-03
6.383999999999999773e+02 -1.554899999999999902e-04
6.382000000000000455e+02 3.706000000000000093e-03
6.380000000000000000e+02 -5.300000000000000078e-05
6.377999999999999545e+02 2.410999999999999949e-03
6.376000000000000227e+02 3.109999999999999917e-03
6.373999999999999773e+02 3.639499999999999832e-04
6.372000000000000455e+02 -1.059299999999999999e-03
6.370000000000000000e+02 2.976499999999999979e-03
6.367999999999999545e+02 1.386999999999999995e-03
6.366000000000000227e+02 2.703999999999999806e-03
6.363999999999999773e+02 2.435000000000000098e-03
6.362000000000000455e+02 -5.810000000000000277e-05
6.360000000000000000e+02 -4.356399999999999964e-04
6.357999999999999545e+02 -1.576900000000000003e-03
6.356000000000000227e+02 -1.320800000000000012e-03
6.353999999999999773e+02 -4.754399999999999772e-03
6.352000000000000455e+02 -1.449600000000000107e-03
6.350000000000000000e+02 1.714699999999999992e-03
6.347999999999999545e+02 3.300399999999999775e-04
6.346000000000000227e+02 4.274600000000000036e-04
6.343999999999999773e+02 3.587899999999999987e-04
6.342000000000000455e+02 -1.691100000000000068e-03
6.340000000000000000e+02 -1.378399999999999894e-03
6.337999999999999545e+02 -1.628099999999999947e-03
6.336000000000000227e+02 -3.326299999999999917e-03
6.333999999999999773e+02 -4.029999999999999837e-04
6.332000000000000455e+02 -4.699600000000000066e-04
6.330000000000000000e+02 -1.696199999999999921e-03
6.327999999999999545e+02 -1.575400000000000021e-03
6.326000000000000227e+02 -1.642100000000000070e-03
6.323999999999999773e+02 3.218100000000000214e-03
6.322000000000000455e+02 -3.580000000000000283e-05
6.320000000000000000e+02 7.464000000000000365e-04
6.317999999999999545e+02 2.683899999999999914e-03
6.316000000000000227e+02 1.129699999999999975e-03
6.313999999999999773e+02 3.592399999999999934e-03
6.312000000000000455e+02 -3.808199999999999866e-03
6.310000000000000000e+02 -2.611299999999999993e-03
6.307999999999999545e+02 -1.575599999999999917e-03
6.306000000000000227e+02 -1.445300000000000057e-03
6.303999999999999773e+02 -2.995900000000000125e-03
6.302000000000000455e+02 9.786700000000000607e-04
6.300000000000000000e+02 3.328799999999999815e-03
6.297999999999999545e+02 8.384100000000000450e-04
6.296000000000000227e+02 3.634600000000000200e-04
6.293999999999999773e+02 7.432899999999999664e-04
6.292000000000000455e+02 1.896600000000000022e-03
6.290000000000000000e+02 -4.002699999999999661e-03
6.287999999999999545e+02 -2.954599999999999935e-04
6.286000000000000227e+02 -1.316700000000000075e-03
6.283999999999999773e+02 -6.562099999999999531e-04
6.282000000000000455e+02 2.898200000000000082e-03
6.280000000000000000e+02 4.336099999999999850e-03
6.277999999999999545e+02 6.099299999999999557e-04
6.276000000000000227e+02 2.031199999999999933e-03
6.273999999999999773e+02 1.115700000000000068e-03
6.272000000000000455e+02 -2.211600000000000198e-03
6.270000000000000000e+02 -8.050600000000000204e-04
6.267999999999999545e+02 -3.636599999999999815e-03
6.266000000000000227e+02 -3.261099999999999850e-03
6.263999999999999773e+02 1.103500000000000097e-03
6.262000000000000455e+02 1.646700000000000073e-03
6.260000000000000000e+02 2.393899999999999967e-04
6.257999999999999545e+02 1.266200000000000095e-03
6.256000000000000227e+02 -1.326200000000000035e-03
6.253999999999999773e+02 -3.040300000000000012e-04
6.252000000000000455e+02 -4.402399999999999890e-03
6.250000000000000000e+02 -1.073100000000000009e-03
6.247999999999999545e+02 -5.428199999999999562e-04
6.246000000000000227e+02 6.068900000000000119e-04
6.243999999999999773e+02 9.777300000000000053e-04
6.242000000000000455e+02 2.155400000000000133e-04
6.240000000000000000e+02 -1.994000000000000113e-03
6.237999999999999545e+02 3.685799999999999927e-03
6.236000000000000227e+02 -2.109199999999999877e-03
6.233999999999999773e+02 -2.916099999999999812e-04
6.232000000000000455e+02 -5.514800000000000257e-04
6.230000000000000000e+02 2.803700000000000116e-03
6.227999999999999545e+02 -1.598799999999999939e-04
6.226000000000000227e+02 2.817599999999999966e-03
6.223999999999999773e+02 1.117799999999999957e-03
6.222000000000000455e+02 -6.595799999999999970e-04
6.220000000000000000e+02 2.008799999999999876e-04
6.217999999999999545e+02 6.048800000000000010e-03
6.216000000000000227e+02 -3.198599999999999794e-03
6.213999999999999773e+02 2.703999999999999806e-03
6.212000000000000455e+02 6.301199999999999640e-04
6.210000000000000000e+02 1.124999999999999915e-03
6.207999999999999545e+02 -1.746099999999999996e-03
6.206000000000000227e+02 1.171699999999999912e-03
6.203999999999999773e+02 1.255700000000000002e-03
6.202000000000000455e+02 -2.150399999999999794e-03
6.200000000000000000e+02 -8.754799999999999865e-04
6.197999999999999545e+02 8.863099999999999624e-04
6.196000000000000227e+02 -2.986299999999999892e-03
6.193999999999999773e+02 -1.158799999999999978e-03
6.192000000000000455e+02 5.006299999999999552e-04
6.190000000000000000e+02 -1.797999999999999902e-03
6.187999999999999545e+02 1.579499999999999958e-03
6.186000000000000227e+02 -1.815999999999999906e-03
6.183999999999999773e+02 4.578600000000000378e-03
6.182000000000000455e+02 -3.275300000000000086e-03
6.180000000000000000e+02 1.015700000000000023e-03
6.177999999999999545e+02 2.298399999999999922e-03
6.176000000000000227e+02 1.861800000000000043e-03
6.173999999999999773e+02 -8.604500000000000169e-04
6.172000000000000455e+02 6.203100000000000020e-04
6.170000000000000000e+02 2.406900000000000012e-03
6.167999999999999545e+02 -1.280600000000000011e-03
6.166000000000000227e+02 -1.939299999999999921e-03
6.163999999999999773e+02 -1.007700000000000045e-03
6.162000000000000455e+02 4.748800000000000070e-03
6.160000000000000000e+02 1.735699999999999960e-03
6.157999999999999545e+02 -1.133099999999999949e-03
6.156000000000000227e+02 -3.194199999999999904e-03
6.153999999999999773e+02 -2.393699999999999908e-03
6.152000000000000455e+02 1.235099999999999881e-04
6.150000000000000000e+02 2.883600000000000052e-03
6.147999999999999545e+02 -1.557200000000000066e-04
6.146000000000000227e+02 -1.715399999999999954e-03
6.143999999999999773e+02 1.226000000000000093e-03
6.142000000000000455e+02 -1.688499999999999897e-03
6.140000000000000000e+02 4.842599999999999856e-03
6.137999999999999545e+02 2.773700000000000037e-03
6.136000000000000227e+02 -3.003500000000000093e-03
6.133999999999999773e+02 -3.150699999999999768e-04
6.132000000000000455e+02 2.873899999999999979e-03
6.130000000000000000e+02 4.564099999999999754e-03
6.127999999999999545e+02 3.580499999999999915e-03
6.126000000000000227e+02 2.348300000000000214e-03
6.123999999999999773e+02 -5.838899999999999950e-04
6.122000000000000455e+02 -3.273400000000000094e-03
6.120000000000000000e+02 9.272500000000000143e-04
6.117999999999999545e+02 -5.334600000000000106e-03
6.116000000000000227e+02 -6.000499999999999758e-04
6.113999999999999773e+02 5.414300000000000362e-03
6.112000000000000455e+02 4.963600000000000304e-03
6.110000000000000000e+02 4.007600000000000051e-03
6.107999999999999545e+02 -2.993100000000000057e-04
6.106000000000000227e+02 -2.954200000000000142e-03
6.103999999999999773e+02 -2.835100000000000120e-03
6.102000000000000455e+02 -2.006200000000000084e-03
6.100000000000000000e+02 -4.341300000000000194e-03
6.097999999999999545e+02 2.420099999999999953e-04
6.096000000000000227e+02 2.158100000000000036e-03
6.093999999999999773e+02 1.496799999999999953e-03
6.092000000000000455e+02 1.609500000000000037e-03
6.090000000000000000e+02 -4.861100000000000143e-03
6.087999999999999545e+02 1.062599999999999916e-03
6.086000000000000227e+02 3.048100000000000202e-03
6.083999999999999773e+02 7.919199999999999937e-04
6.082000000000000455e+02 1.200600000000000018e-03
6.080000000000000000e+02 6.600300000000000351e-04
6.077999999999999545e+02 9.308300000000000038e-04
6.076000000000000227e+02 -1.635500000000000018e-03
6.073999999999999773e+02 1.359200000000000078e-03
6.072000000000000455e+02 7.828000000000000539e-04
6.070000000000000000e+02 -3.680899999999999971e-03
6.067999999999999545e+02 4.058199999999999655e-03
6.066000000000000227e+02 8.139300000000000354e-04
6.063999999999999773e+02 1.993099999999999820e-03
6.062000000000000455e+02 -3.399999999999999973e-05
6.060000000000000000e+02 -4.007100000000000418e-03
6.057999999999999545e+02 -2.027400000000000003e-04
6.056000000000000227e+02 -2.973899999999999808e-03
6.053999999999999773e+02 -2.456400000000000076e-03
6.052000000000000455e+02 -4.190400000000000375e-03
6.050000000000000000e+02 -1.494399999999999895e-03
6.047999999999999545e+02 2.100100000000000144e-03
6.046000000000000227e+02 6.234399999999999534e-04
6.043999999999999773e+02 2.326800000000000016e-04
6.042000000000000455e+02 -4.910000000000000085e-05
6.040000000000000000e+02 2.359399999999999941e-04
6.037999999999999545e+02 3.506900000000000186e-04
6.036000000000000227e+02 -4.220200000000000340e-03
6.033999999999999773e+02 -2.361900000000000110e-03
6.032000000000000455e+02 3.603900000000000159e-03
6.030000000000000000e+02 -2.936099999999999756e-04
6.027999999999999545e+02 -2.906100000000000111e-04
6.026000000000000227e+02 -1.839899999999999999e-03
6.023999999999999773e+02 -1.830699999999999992e-03
6.022000000000000455e+02 3.327299999999999941e-04
6.020000000000000000e+02 -1.178800000000000030e-03
6.017999999999999545e+02 1.075100000000000057e-03
6.016000000000000227e+02 2.349700000000000139e-03
6.013999999999999773e+02 -1.147800000000000036e-03
6.012000000000000455e+02 6.927800000000000451e-04
6.010000000000000000e+02 -7.740099999999999975e-04
6.007999999999999545e+02 -7.819500000000000062e-04
6.006000000000000227e+02 2.580999999999999961e-03
6.003999999999999773e+02 9.797899999999999145e-04
6.002000000000000455e+02 -2.183399999999999837e-03
6.000000000000000000e+02 -7.881799999999999787e-04
5.997999999999999545e+02 -1.382399999999999992e-03
5.996000000000000227e+02 1.451299999999999986e-03
5.993999999999999773e+02 4.741600000000000003e-04
5.992000000000000455e+02 -3.100100000000000165e-03
5.990000000000000000e+02 2.072200000000000170e-03
5.987999999999999545e+02 3.468199999999999842e-03
5.986000000000000227e+02 -1.919599999999999985e-04
5.983999999999999773e+02 -2.895700000000000184e-03
5.982000000000000455e+02 -9.339800000000000532e-04
5.980000000000000000e+02 1.985699999999999965e-03
5.977999999999999545e+02 -3.881099999999999958e-04
5.976000000000000227e+02 1.352099999999999960e-03
5.973999999999999773e+02 -9.397999999999999670e-04
5.972000000000000455e+02 2.013599999999999939e-03
5.970000000000000000e+02 -1.768400000000000050e-03
5.967999999999999545e+02 -4.005299999999999833e-03
5.966000000000000227e+02 -1.827400000000000075e-03
5.963999999999999773e+02 -1.634599999999999942e-03
5.962000000000000455e+02 -1.972400000000000021e-03
5.960000000000000000e+02 1.989100000000000156e-03
5.957999999999999545e+02 -6.029600000000000411e-04
5.956000000000000227e+02 -5.528500000000000428e-03
5.953999999999999773e+02 -7.261799999999999896e-04
5.952000000000000455e+02 -2.195900000000000196e-03
5.950000000000000000e+02 2.102399999999999929e-04
5.947999999999999545e+02 4.976699999999999700e-03
5.946000000000000227e+02 -5.437499999999999625e-03
5.943999999999999773e+02 -6.362400000000000477e-04
5.942000000000000455e+02 -2.411799999999999968e-03
5.940000000000000000e+02 1.038599999999999983e-03
5.937999999999999545e+02 -1.860799999999999911e-03
5.936000000000000227e+02 -7.019500000000000132e-04
5.933999999999999773e+02 2.638099999999999994e-03
5.932000000000000455e+02 3.624100000000000216e-04
5.930000000000000000e+02 1.646700000000000073e-03
5.927999999999999545e+02 -5.199999999999999680e-05
5.926000000000000227e+02 1.101000000000000063e-04
5.923999999999999773e+02 -2.338799999999999820e-03
5.922000000000000455e+02 -3.478299999999999816e-04
5.920000000000000000e+02 3.812900000000000143e-03
5.917999999999999545e+02 1.752599999999999991e-03
5.916000000000000227e+02 1.382100000000000039e-03
5.913999999999999773e+02 2.101399999999999796e-03
5.912000000000000455e+02 1.326399999999999932e-03
5.910000000000000000e+02 -3.018499999999999916e-03
5.907999999999999545e+02 8.950300000000000009e-04
5.906000000000000227e+02 -7.024600000000000202e-04
5.903999999999999773e+02 2.808399999999999959e-03
5.902000000000000455e+02 -1.401700000000000081e-03
5.900000000000000000e+02 1.052600000000000107e-03
5.897999999999999545e+02 -1.014700000000000107e-03
5.896000000000000227e+02 2.380899999999999922e-04
5.893999999999999773e+02 2.379199999999999989e-04
5.892000000000000455e+02 7.214499999999999993e-04
5.890000000000000000e+02 2.470700000000000153e-03
5.887999999999999545e+02 -5.962100000000000125e-04
5.886000000000000227e+02 1.729800000000000088e-03
5.883999999999999773e+02 -1.956299999999999793e-03
5.882000000000000455e+02 8.979399999999999578e-04
5.880000000000000000e+02 -2.332499999999999938e-03
5.877999999999999545e+02 1.090800000000000059e-03
5.876000000000000227e+02 -8.671399999999999681e-04
5.873999999999999773e+02 -2.732099999999999893e-03
5.872000000000000455e+02 9.640999999999999613e-04
5.870000000000000000e+02 2.764599999999999870e-03
5.867999999999999545e+02 1.310399999999999976e-03
5.866000000000000227e+02 -9.519100000000000391e-04
5.863999999999999773e+02 4.719300000000000057e-03
5.862000000000000455e+02 -1.950499999999999977e-03
5.860000000000000000e+02 3.257299999999999866e-03
5.857999999999999545e+02 -2.406399999999999945e-03
5.856000000000000227e+02 1.541700000000000015e-03
5.853999999999999773e+02 2.265900000000000108e-04
5.852000000000000455e+02 1.677200000000000002e-03
5.850000000000000000e+02 -5.968699999999999960e-04
5.847999999999999545e+02 8.849999999999999631e-05
5.846000000000000227e+02 -3.166099999999999817e-03
5.843999999999999773e+02 2.434400000000000192e-03
5.842000000000000455e+02 6.558000000000000027e-04
5.840000000000000000e+02 -1.384999999999999946e-03
5.837999999999999545e+02 3.623000000000000244e-04
5.836000000000000227e+02 1.608800000000000074e-03
5.833999999999999773e+02 -9.538100000000000311e-04
5.832000000000000455e+02 -1.622399999999999971e-03
5.830000000000000000e+02 -1.569400000000000092e-03
5.827999999999999545e+02 -8.738799999999999476e-04
5.826000000000000227e+02 -5.066300000000000144e-03
5.823999999999999773e+02 2.744499999999999978e-03
5.822000000000000455e+02 -1.154899999999999937e-03
5.820000000000000000e+02 1.118199999999999967e-03
5.817999999999999545e+02 4.660400000000000306e-03
5.816000000000000227e+02 -7.015399999999999544e-04
5.813999999999999773e+02 3.473299999999999912e-03
5.812000000000000455e+02 2.545599999999999859e-03
5.810000000000000000e+02 2.316499999999999929e-04
5.807999999999999545e+02 -3.241599999999999863e-03
5.806000000000000227e+02 -4.633199999999999753e-04
5.803999999999999773e+02 -6.566599999999999911e-04
5.802000000000000455e+02 1.667300000000000032e-03
5.800000000000000000e+02 -3.230999999999999931e-03
5.797999999999999545e+02 2.613100000000000145e-03
5.796000000000000227e+02 -1.516999999999999902e-03
5.793999999999999773e+02 -1.924499999999999995e-03
5.792000000000000455e+02 -5.657700000000000532e-04
5.790000000000000000e+02 -4.456700000000000071e-04
5.787999999999999545e+02 3.280899999999999789e-03
5.786000000000000227e+02 8.140099999999999940e-04
5.783999999999999773e+02 2.061799999999999917e-03
5.782000000000000455e+02 1.908299999999999927e-03
5.780000000000000000e+02 -8.243999999999999809e-04
5.777999999999999545e+02 -1.428800000000000035e-03
5.776000000000000227e+02 -3.752899999999999986e-03
5.773999999999999773e+02 -1.657300000000000006e-04
5.772000000000000455e+02 -2.435899999999999958e-03
5.770000000000000000e+02 3.070600000000000152e-03
5.767999999999999545e+02 -4.495300000000000142e-04
5.766000000000000227e+02 9.290900000000000374e-04
5.763999999999999773e+02 -1.673800000000000027e-03
5.762000000000000455e+02 2.452100000000000026e-03
5.760000000000000000e+02 -5.424000000000000002e-03
5.757999999999999545e+02 5.023699999999999867e-03
5.756000000000000227e+02 2.124299999999999973e-03
5.753999999999999773e+02 4.975599999999999728e-04
5.752000000000000455e+02 6.710899999999999461e-04
5.750000000000000000e+02 -1.772200000000000034e-03
5.747999999999999545e+02 -8.173800000000000380e-04
5.746000000000000227e+02 -1.330299999999999972e-03
5.743999999999999773e+02 2.117299999999999911e-03
5.742000000000000455e+02 -4.226500000000000222e-03
5.740000000000000000e+02 -1.920599999999999955e-03
5.737999999999999545e+02 -1.553099999999999967e-03
5.736000000000000227e+02 2.453599999999999792e-03
5.733999999999999773e+02 9.508799999999999761e-04
5.732000000000000455e+02 -6.108399999999999941e-03
5.730000000000000000e+02 2.675399999999999762e-04
5.727999999999999545e+02 1.683199999999999931e-03
5.726000000000000227e+02 7.264599999999999530e-04
5.723999999999999773e+02 -5.281100000000000377e-03
5.722000000000000455e+02 -3.381700000000000070e-03
5.720000000000000000e+02 2.219899999999999912e-03
5.717999999999999545e+02 1.294400000000000021e-03
5.716000000000000227e+02 2.331199999999999906e-04
5.713999999999999773e+02 -2.304000000000000058e-03
5.712000000000000455e+02 -4.866999999999999799e-03
5.710000000000000000e+02 -1.264900000000000009e-03
5.707999999999999545e+02 -8.427900000000000539e-04
5.706000000000000227e+02 -2.956500000000000035e-04
5.703999999999999773e+02 -5.605200000000000069e-04
5.702000000000000455e+02 -4.301400000000000254e-04
5.700000000000000000e+02 2.860699999999999875e-03
5.697999999999999545e+02 1.619500000000000063e-03
5.696000000000000227e+02 2.461300000000000033e-03
5.693999999999999773e+02 1.927700000000000073e-03
5.692000000000000455e+02 3.115199999999999827e-03
5.690000000000000000e+02 3.327900000000000172e-04
5.687999999999999545e+02 3.669299999999999905e-03
5.686000000000000227e+02 7.131900000000000045e-03
5.683999999999999773e+02 3.419600000000000070e-03
5.682000000000000455e+02 1.167000000000000069e-03
5.680000000000000000e+02 3.728299999999999930e-03
5.677999999999999545e+02 -2.322400000000000072e-03
5.676000000000000227e+02 -1.779299999999999935e-03
5.673999999999999773e+02 3.209300000000000000e-03
5.672000000000000455e+02 1.012900000000000009e-04
5.670000000000000000e+02 -1.660300000000000079e-04
5.667999999999999545e+02 3.737300000000000149e-04
5.666000000000000227e+02 4.323200000000000133e-03
5.663999999999999773e+02 1.114100000000000057e-04
5.662000000000000455e+02 2.573699999999999946e-03
5.660000000000000000e+02 1.451599999999999939e-03
5.657999999999999545e+02 -1.801000000000000083e-03
5.656000000000000227e+02 -2.982099999999999790e-04
5.653999999999999773e+02 -1.638099999999999919e-04
5.652000000000000455e+02 -5.358500000000000416e-03
5.650000000000000000e+02 -2.213300000000000076e-03
5.647999999999999545e+02 3.861499999999999807e-04
5.646000000000000227e+02 1.351200000000000101e-03
5.643999999999999773e+02 -5.705999999999999918e-04
5.642000000000000455e+02 5.251700000000000422e-04
5.640000000000000000e+02 -3.149100000000000163e-03
5.637999999999999545e+02 -6.184300000000000214e-03
5.636000000000000227e+02 1.777300000000000104e-03
5.633999999999999773e+02 -4.472200000000000177e-04
5.632000000000000455e+02 -3.013000000000000053e-03
5.630000000000000000e+02 8.028799999999999566e-04
5.627999999999999545e+02 -1.244199999999999993e-03
5.626000000000000227e+02 -1.930099999999999915e-03
5.623999999999999773e+02 -1.753299999999999900e-04
5.622000000000000455e+02 -1.521400000000000009e-03
5.620000000000000000e+02 3.396300000000000100e-03
5.617999999999999545e+02 1.360700000000000061e-03
5.616000000000000227e+02 -5.735199999999999977e-04
5.613999999999999773e+02 -5.779900000000000142e-03
5.612000000000000455e+02 -3.573999999999999920e-03
5.610000000000000000e+02 -2.077700000000000033e-03
5.607999999999999545e+02 9.336099999999999738e-04
5.606000000000000227e+02 -1.760000000000000090e-05
5.603999999999999773e+02 -9.860999999999999540e-04
5.602000000000000455e+02 -9.930500000000000958e-04
5.600000000000000000e+02 -1.395699999999999935e-03
5.597999999999999545e+02 -2.617099999999999808e-03
5.596000000000000227e+02 3.691900000000000130e-03
5.593999999999999773e+02 9.335699999999999945e-04
5.592000000000000455e+02 1.356999999999999916e-03
5.590000000000000000e+02 1.762600000000000017e-03
5.587999999999999545e+02 4.394499999999999969e-03
5.586000000000000227e+02 8.233300000000000471e-04
5.583999999999999773e+02 2.589399999999999948e-03
5.582000000000000455e+02 -1.127500000000000030e-03
5.580000000000000000e+02 9.520999999999999949e-04
5.577999999999999545e+02 -2.225500000000000048e-03
5.576000000000000227e+02 2.601399999999999806e-03
5.573999999999999773e+02 -3.362400000000000198e-03
5.572000000000000455e+02 -3.039299999999999988e-04
5.570000000000000000e+02 -3.058000000000000063e-04
5.567999999999999545e+02 -8.380899999999999938e-04
5.566000000000000227e+02 1.257900000000000001e-04
5.563999999999999773e+02 1.206099999999999989e-04
5.562000000000000455e+02 -1.137100000000000046e-03
5.560000000000000000e+02 -1.279600000000000095e-03
5.557999999999999545e+02 4.049200000000000195e-04
5.556000000000000227e+02 -2.019999999999999972e-05
5.553999999999999773e+02 -2.970199999999999989e-04
5.552000000000000455e+02 2.617799999999999988e-03
5.550000000000000000e+02 -3.169899999999999801e-03
5.547999999999999545e+02 2.186000000000000009e-03
5.546000000000000227e+02 -4.413600000000000162e-03
5.543999999999999773e+02 2.622000000000000199e-03
5.542000000000000455e+02 3.239500000000000192e-03
5.540000000000000000e+02 -3.968900000000000032e-04
5.537999999999999545e+02 -4.067200000000000090e-04
5.536000000000000227e+02 -1.505800000000000064e-03
5.533999999999999773e+02 3.706800000000000112e-03
5.532000000000000455e+02 -9.798100000000000125e-04
5.530000000000000000e+02 -1.712100000000000037e-03
5.527999999999999545e+02 -4.545900000000000288e-03
5.526000000000000227e+02 1.114599999999999933e-04
5.523999999999999773e+02 2.130200000000000062e-03
5.522000000000000455e+02 -5.948799999999999748e-03
5.520000000000000000e+02 1.490400000000000015e-03
5.517999999999999545e+02 -3.764599999999999891e-03
5.516000000000000227e+02 8.749999999999999233e-06
5.513999999999999773e+02 -1.549299999999999983e-03
5.512000000000000455e+02 1.418900000000000066e-03
5.510000000000000000e+02 -1.975900000000000052e-03
5.507999999999999545e+02 4.053700000000000359e-03
5.506000000000000227e+02 -1.958999999999999804e-03
5.503999999999999773e+02 1.418999999999999906e-03
5.502000000000000455e+02 -1.356000000000000000e-03
5.500000000000000000e+02 -5.444300000000000441e-04
5.497999999999999545e+02 3.069999999999999812e-03
5.496000000000000227e+02 -9.325499999999999805e-04
5.493999999999999773e+02 6.554299999999999883e-03
5.492000000000000455e+02 -5.464400000000000333e-04
5.490000000000000000e+02 1.789299999999999962e-03
5.487999999999999545e+02 3.348900000000000141e-03
5.486000000000000227e+02 3.852599999999999861e-03
5.483999999999999773e+02 -1.601600000000000116e-04
5.482000000000000455e+02 8.930000000000000221e-05
5.480000000000000000e+02 4.779600000000000168e-03
5.477999999999999545e+02 8.806000000000000459e-04
5.476000000000000227e+02 1.786299999999999997e-03
5.473999999999999773e+02 2.312600000000000159e-03
5.472000000000000455e+02 1.404300000000000036e-03
5.470000000000000000e+02 -3.161900000000000040e-03
5.467999999999999545e+02 -5.246800000000000248e-04
5.466000000000000227e+02 1.533499999999999924e-03
5.463999999999999773e+02 3.600499999999999968e-04
5.462000000000000455e+02 -2.768699999999999807e-03
5.460000000000000000e+02 1.802400000000000009e-03
5.457999999999999545e+02 1.161600000000000046e-03
5.456000000000000227e+02 -6.701100000000000199e-04
5.453999999999999773e+02 1.668699999999999958e-03
5.452000000000000455e+02 3.478600000000000095e-03
5.450000000000000000e+02 2.968600000000000058e-03
5.447999999999999545e+02 -2.597400000000000143e-03
5.446000000000000227e+02 1.516399999999999996e-03
5.443999999999999773e+02 -1.840800000000000075e-03
5.442000000000000455e+02 1.132200000000000090e-03
5.440000000000000000e+02 4.990800000000000097e-03
5.437999999999999545e+02 1.779299999999999935e-03
5.436000000000000227e+02 -1.039699999999999956e-03
5.433999999999999773e+02 2.408800000000000004e-03
5.432000000000000455e+02 1.377699999999999932e-03
5.430000000000000000e+02 -1.302399999999999999e-03
5.427999999999999545e+02 2.410199999999999929e-04
5.426000000000000227e+02 -2.704599999999999821e-04
5.423999999999999773e+02 -2.459999999999999947e-03
5.422000000000000455e+02 -1.421900000000000030e-03
5.420000000000000000e+02 2.371700000000000023e-03
5.417999999999999545e+02 -1.279099999999999866e-04
5.416000000000000227e+02 1.222599999999999902e-03
5.413999999999999773e+02 2.116999999999999958e-03
5.412000000000000455e+02 8.514399999999999660e-04
5.410000000000000000e+02 -1.525099999999999882e-04
5.407999999999999545e+02 2.213600000000000029e-03
5.406000000000000227e+02 6.143900000000000316e-04
5.403999999999999773e+02 -1.168200000000000098e-03
5.402000000000000455e+02 8.469299999999999702e-04
5.400000000000000000e+02 2.211500000000000087e-04
5.397999999999999545e+02 -3.770000000000000158e-05
5.396000000000000227e+02 1.710799999999999951e-03
5.393999999999999773e+02 3.330699999999999807e-03
5.392000000000000455e+02 3.066199999999999828e-03
5.390000000000000000e+02 1.085400000000000037e-03
5.387999999999999545e+02 9.789999999999999441e-05
5.386000000000000227e+02 1.588400000000000012e-03
5.383999999999999773e+02 5.049900000000000395e-03
5.382000000000000455e+02 4.791499999999999752e-03
5.380000000000000000e+02 2.814300000000000048e-03
5.377999999999999545e+02 -3.252399999999999909e-03
5.376000000000000227e+02 2.939399999999999999e-03
5.373999999999999773e+02 -1.438800000000000116e-04
5.372000000000000455e+02 2.807299999999999986e-03
5.370000000000000000e+02 -2.235000000000000007e-03
5.367999999999999545e+02 3.334400000000000059e-04
5.366000000000000227e+02 -1.982300000000000208e-03
5.363999999999999773e+02 1.334499999999999966e-03
5.362000000000000455e+02 2.187000000000000142e-03
5.360000000000000000e+02 2.425800000000000092e-03
5.357999999999999545e+02 -2.109699999999999943e-03
5.356000000000000227e+02 1.083099999999999981e-04
5.353999999999999773e+02 -3.909900000000000224e-04
5.352000000000000455e+02 -1.981600000000000028e-03
5.350000000000000000e+02 5.470299999999999989e-03
5.347999999999999545e+02 1.562900000000000096e-03
5.346000000000000227e+02 2.675900000000000153e-03
5.343999999999999773e+02 1.186100000000000045e-03
5.342000000000000455e+02 4.871900000000000189e-03
5.340000000000000000e+02 -1.862200000000000053e-03
5.337999999999999545e+02 5.954000000000000525e-04
5.336000000000000227e+02 -2.346200000000000108e-03
5.333999999999999773e+02 5.335699999999999645e-03
5.332000000000000455e+02 2.555200000000000093e-03
5.330000000000000000e+02 -2.628500000000000194e-04
5.327999999999999545e+02 3.618899999999999981e-03
5.326000000000000227e+02 -3.791800000000000118e-03
5.323999999999999773e+02 4.718199999999999651e-03
5.322000000000000455e+02 -2.934899999999999835e-03
5.320000000000000000e+02 2.636599999999999795e-03
5.317999999999999545e+02 2.869800000000000042e-03
5.316000000000000227e+02 -2.650700000000000083e-04
5.313999999999999773e+02 -2.087900000000000172e-03
5.312000000000000455e+02 2.157300000000000016e-03
5.310000000000000000e+02 4.679600000000000122e-04
5.307999999999999545e+02 3.452500000000000165e-04
5.306000000000000227e+02 -1.353500000000000102e-03
5.303999999999999773e+02 -8.669899999999999916e-04
5.302000000000000455e+02 1.665400000000000040e-03
5.300000000000000000e+02 2.143900000000000124e-04
5.297999999999999545e+02 1.176100000000000019e-03
5.296000000000000227e+02 1.432200000000000010e-03
5.293999999999999773e+02 -1.470400000000000016e-04
5.292000000000000455e+02 5.877700000000000459e-04
5.290000000000000000e+02 5.631200000000000268e-03
5.287999999999999545e+02 -2.010000000000000068e-05
5.286000000000000227e+02 6.481899999999999641e-03
5.283999999999999773e+02 4.198799999999999928e-03
5.282000000000000455e+02 -9.916499999999999534e-04
5.280000000000000000e+02 5.909799999999999559e-04
5.277999999999999545e+02 -3.760600000000000010e-04
5.276000000000000227e+02 -6.199400000000000310e-04
5.273999999999999773e+02 -1.430000000000000031e-05
5.272000000000000455e+02 -2.193000000000000071e-03
5.270000000000000000e+02 2.192100000000000103e-04
5.267999999999999545e+02 9.349999999999999587e-05
5.266000000000000227e+02 2.273499999999999968e-04
5.263999999999999773e+02 5.258800000000000106e-03
5.262000000000000455e+02 -6.217899999999999946e-04
5.260000000000000000e+02 -3.266300000000000193e-03
5.257999999999999545e+02 5.742699999999999888e-04
5.256000000000000227e+02 1.663699999999999945e-03
5.253999999999999773e+02 1.783700000000000042e-03
5.252000000000000455e+02 6.995900000000000426e-04
5.250000000000000000e+02 3.220799999999999792e-03
5.247999999999999545e+02 2.387699999999999979e-03
5.246000000000000227e+02 -1.099200000000000047e-03
5.243999999999999773e+02 5.754700000000000180e-04
5.242000000000000455e+02 2.194099999999999881e-04
5.240000000000000000e+02 -1.585400000000000047e-03
5.237999999999999545e+02 2.976200000000000026e-03
5.236000000000000227e+02 3.205899999999999809e-03
5.233999999999999773e+02 -1.575800000000000031e-03
5.232000000000000455e+02 8.112100000000000343e-04
5.230000000000000000e+02 2.506599999999999887e-03
5.227999999999999545e+02 -2.415200000000000159e-03
5.226000000000000227e+02 6.557000000000000328e-03
5.223999999999999773e+02 -1.219800000000000051e-03
5.222000000000000455e+02 1.653500000000000022e-03
5.220000000000000000e+02 8.130799999999999876e-04
5.217999999999999545e+02 1.775099999999999942e-03
5.216000000000000227e+02 3.816099999999999787e-03
5.213999999999999773e+02 4.634000000000000098e-03
5.212000000000000455e+02 1.412499999999999910e-03
5.210000000000000000e+02 -2.869999999999999965e-05
5.207999999999999545e+02 -7.429300000000000443e-04
5.206000000000000227e+02 1.406499999999999981e-03
5.203999999999999773e+02 -8.624499999999999571e-04
5.202000000000000455e+02 6.924400000000000043e-04
5.200000000000000000e+02 3.202099999999999825e-03
5.197999999999999545e+02 2.483899999999999823e-03
5.196000000000000227e+02 7.011699999999999834e-04
5.193999999999999773e+02 1.637000000000000000e-03
5.192000000000000455e+02 5.695099999999999598e-04
5.190000000000000000e+02 8.137399999999999712e-04
5.187999999999999545e+02 -1.808900000000000004e-03
5.186000000000000227e+02 2.007500000000000170e-03
5.183999999999999773e+02 -3.474899999999999951e-03
5.182000000000000455e+02 9.452399999999999691e-04
5.180000000000000000e+02 2.964399999999999848e-03
5.177999999999999545e+02 3.427599999999999831e-03
5.176000000000000227e+02 -3.377100000000000067e-03
5.173999999999999773e+02 2.833800000000000034e-03
5.172000000000000455e+02 1.408900000000000039e-03
5.170000000000000000e+02 3.203699999999999864e-03
5.167999999999999545e+02 2.840399999999999869e-03
5.166000000000000227e+02 -2.643799999999999970e-03
5.163999999999999773e+02 2.239500000000000171e-03
5.162000000000000455e+02 4.150299999999999996e-03
5.160000000000000000e+02 8.189500000000000382e-04
5.157999999999999545e+02 9.215799999999999687e-04
5.156000000000000227e+02 -1.319000000000000077e-03
5.153999999999999773e+02 3.081299999999999924e-03
5.152000000000000455e+02 2.227399999999999985e-04
5.150000000000000000e+02 -6.070700000000000271e-04
5.147999999999999545e+02 1.650500000000000057e-03
5.146000000000000227e+02 8.078300000000000498e-04
5.143999999999999773e+02 3.311399999999999934e-03
5.142000000000000455e+02 5.354700000000000432e-03
5.140000000000000000e+02 3.334900000000000017e-03
5.137999999999999545e+02 5.767800000000000444e-04
5.136000000000000227e+02 4.563200000000000220e-04
5.133999999999999773e+02 1.774200000000000083e-03
5.132000000000000455e+02 5.344400000000000019e-03
5.130000000000000000e+02 -3.756200000000000120e-04
5.127999999999999545e+02 -1.335699999999999995e-03
5.126000000000000227e+02 1.302999999999999905e-03
5.123999999999999773e+02 2.609400000000000001e-03
5.122000000000000455e+02 1.166900000000000012e-03
5.120000000000000000e+02 3.563699999999999941e-03
5.118000000000000114e+02 9.412100000000000501e-04
5.116000000000000227e+02 -2.869000000000000022e-03
5.113999999999999773e+02 3.444699999999999867e-04
5.111999999999999886e+02 -8.428500000000000228e-04
5.110000000000000000e+02 2.610799999999999926e-03
5.108000000000000114e+02 4.156800000000000425e-03
5.106000000000000227e+02 3.313400000000000199e-03
5.103999999999999773e+02 4.875400000000000220e-03
5.101999999999999886e+02 1.299699999999999987e-03
5.100000000000000000e+02 1.060500000000000028e-03
5.098000000000000114e+02 1.907199999999999954e-03
5.096000000000000227e+02 2.033800000000000104e-03
5.093999999999999773e+02 3.916499999999999843e-03
5.091999999999999886e+02 2.145900000000000064e-03
5.090000000000000000e+02 7.764599999999999974e-03
5.088000000000000114e+02 4.527299999999999727e-03
5.086000000000000227e+02 7.877199999999999133e-03
5.083999999999999773e+02 9.558399999999999883e-03
5.081999999999999886e+02 1.005699999999999997e-02
5.080000000000000000e+02 7.556499999999999849e-03
5.078000000000000114e+02 1.422900000000000033e-02
5.076000000000000227e+02 1.223499999999999935e-02
5.073999999999999773e+02 1.497899999999999926e-02
5.071999999999999886e+02 1.895300000000000110e-02
5.070000000000000000e+02 2.169700000000000101e-02
5.068000000000000114e+02 2.389399999999999857e-02
5.066000000000000227e+02 2.785299999999999929e-02
5.063999999999999773e+02 3.768099999999999922e-02
5.061999999999999886e+02 4.192599999999999799e-02
5.060000000000000000e+02 4.961499999999999938e-02
5.058000000000000114e+02 6.619200000000000084e-02
5.056000000000000227e+02 7.927900000000000225e-02
5.053999999999999773e+02 9.322700000000000431e-02
5.051999999999999886e+02 1.186799999999999938e-01
5.050000000000000000e+02 1.466699999999999948e-01
5.048000000000000114e+02 1.849300000000000110e-01
5.046000000000000227e+02 2.344700000000000117e-01
5.043999999999999773e+02 3.028100000000000236e-01
5.041999999999999886e+02 3.970799999999999885e-01
5.040000000000000000e+02 5.153100000000000458e-01
5.038000000000000114e+02 6.894599999999999618e-01
5.036000000000000227e+02 9.398300000000000542e-01
5.033999999999999773e+02 1.287199999999999900e+00
5.031999999999999886e+02 1.811600000000000099e+00
5.030000000000000000e+02 2.558199999999999807e+00
5.028000000000000114e+02 3.641799999999999926e+00
5.026000000000000227e+02 5.105500000000000149e+00
5.023999999999999773e+02 7.162799999999999834e+00
5.021999999999999886e+02 9.829100000000000392e+00
5.020000000000000000e+02 1.318500000000000050e+01
5.018000000000000114e+02 1.719999999999999929e+01
5.016000000000000227e+02 2.187999999999999901e+01
5.013999999999999773e+02 2.718299999999999983e+01
5.011999999999999886e+02 3.283899999999999864e+01
5.010000000000000000e+02 3.904800000000000182e+01
5.008000000000000114e+02 4.517000000000000171e+01
5.006000000000000227e+02 5.133800000000000097e+01
5.003999999999999773e+02 5.703900000000000148e+01
5.001999999999999886e+02 6.238400000000000034e+01
5.000000000000000000e+02 6.697100000000000364e+01
4.998000000000000114e+02 7.080500000000000682e+01
4.996000000000000227e+02 7.402400000000000091e+01
4.993999999999999773e+02 7.653000000000000114e+01
4.991999999999999886e+02 7.833100000000000307e+01
4.990000000000000000e+02 7.947899999999999920e+01
4.988000000000000114e+02 8.000100000000000477e+01
4.986000000000000227e+02 7.986199999999999477e+01
4.983999999999999773e+02 7.915500000000000114e+01
4.981999999999999886e+02 7.774800000000000466e+01
4.980000000000000000e+02 7.560999999999999943e+01
4.978000000000000114e+02 7.276399999999999579e+01
4.976000000000000227e+02 6.923900000000000432e+01
4.973999999999999773e+02 6.491100000000000136e+01
4.971999999999999886e+02 5.999799999999999756e+01
4.970000000000000000e+02 5.441299999999999670e+01
4.968000000000000114e+02 4.827100000000000080e+01
4.966000000000000227e+02 4.192699999999999960e+01
4.963999999999999773e+02 3.564800000000000324e+01
4.961999999999999886e+02 2.952100000000000080e+01
4.960000000000000000e+02 2.387399999999999878e+01
4.958000000000000114e+02 1.886899999999999977e+01
4.956000000000000227e+02 1.443599999999999994e+01
4.953999999999999773e+02 1.069500000000000028e+01
4.951999999999999886e+02 7.705599999999999561e+00
4.950000000000000000e+02 5.389700000000000379e+00
4.948000000000000114e+02 3.678300000000000125e+00
4.946000000000000227e+02 2.499899999999999789e+00
4.943999999999999773e+02 1.693500000000000005e+00
4.941999999999999886e+02 1.141499999999999959e+00
4.940000000000000000e+02 7.802000000000000046e-01
4.938000000000000114e+02 5.447600000000000220e-01
4.936000000000000227e+02 3.859400000000000053e-01
4.933999999999999773e+02 2.777800000000000269e-01
4.931999999999999886e+02 2.053000000000000103e-01
4.930000000000000000e+02 1.563400000000000067e-01
4.928000000000000114e+02 1.165500000000000008e-01
4.926000000000000227e+02 8.551699999999999580e-02
4.923999999999999773e+02 6.659299999999999942e-02
4.921999999999999886e+02 5.034199999999999786e-02
4.920000000000000000e+02 4.591599999999999848e-02
4.918000000000000114e+02 3.284000000000000113e-02
4.916000000000000227e+02 2.757599999999999982e-02
4.913999999999999773e+02 2.046999999999999861e-02
4.911999999999999886e+02 2.365199999999999941e-02
4.910000000000000000e+02 1.630099999999999952e-02
4.908000000000000114e+02 1.642800000000000163e-02
4.906000000000000227e+02 1.409000000000000009e-02
4.903999999999999773e+02 1.213400000000000069e-02
4.901999999999999886e+02 8.340300000000000144e-03
4.900000000000000000e+02 6.625200000000000360e-03
4.898000000000000114e+02 4.409099999999999998e-03
4.896000000000000227e+02 3.805999999999999921e-03
4.893999999999999773e+02 5.286199999999999580e-03
4.891999999999999886e+02 7.490000000000000130e-03
4.890000000000000000e+02 1.710099999999999988e-03
4.888000000000000114e+02 5.140900000000000331e-03
4.886000000000000227e+02 1.833999999999999910e-03
4.883999999999999773e+02 2.923300000000000204e-03
4.881999999999999886e+02 1.215900000000000010e-03
4.880000000000000000e+02 2.447200000000000070e-03
4.878000000000000114e+02 3.186200000000000143e-03
4.876000000000000227e+02 -1.234999999999999987e-03
4.873999999999999773e+02 -9.899799999999998965e-04
4.871999999999999886e+02 2.204600000000000136e-03
4.870000000000000000e+02 1.101200000000000095e-03
4.868000000000000114e+02 1.832899999999999937e-03
4.866000000000000227e+02 2.703099999999999947e-03
4.863999999999999773e+02 -3.939099999999999741e-04
4.861999999999999886e+02 3.184499999999999831e-03
4.860000000000000000e+02 2.225999999999999897e-04
4.858000000000000114e+02 5.180500000000000209e-03
4.856000000000000227e+02 1.956199999999999953e-03
4.853999999999999773e+02 3.426500000000000075e-04
4.851999999999999886e+02 -2.979999999999999929e-05
4.850000000000000000e+02 -3.364900000000000096e-03
4.848000000000000114e+02 -1.151300000000000066e-03
4.846000000000000227e+02 2.474200000000000184e-03
4.843999999999999773e+02 1.950799999999999930e-03
4.841999999999999886e+02 -3.895300000000000195e-04
4.840000000000000000e+02 2.457800000000000002e-03
4.838000000000000114e+02 4.485799999999999857e-03
4.836000000000000227e+02 3.099499999999999825e-03
4.833999999999999773e+02 1.834300000000000080e-03
4.831999999999999886e+02 -1.498600000000000106e-03
4.830000000000000000e+02 2.145199999999999993e-04
4.828000000000000114e+02 -7.701399999999999956e-04
4.826000000000000227e+02 2.223999999999999849e-03
4.823999999999999773e+02 2.592500000000000186e-03
4.821999999999999886e+02 2.983500000000000041e-03
4.820000000000000000e+02 5.893600000000000358e-04
4.818000000000000114e+02 7.266100000000000380e-04
4.816000000000000227e+02 1.740400000000000020e-03
4.813999999999999773e+02 5.945500000000000047e-04
4.811999999999999886e+02 1.121199999999999931e-03
4.810000000000000000e+02 2.363699999999999883e-04
4.808000000000000114e+02 2.874499999999999885e-03
4.806000000000000227e+02 1.729099999999999908e-03
4.803999999999999773e+02 3.617200000000000103e-03
4.801999999999999886e+02 3.126700000000000052e-03
4.800000000000000000e+02 2.497099999999999927e-03
4.798000000000000114e+02 -5.507199999999999856e-04
4.796000000000000227e+02 4.779200000000000050e-04
4.793999999999999773e+02 -1.915800000000000055e-03
4.791999999999999886e+02 1.482599999999999934e-03
4.790000000000000000e+02 6.166799999999999842e-04
4.788000000000000114e+02 8.491500000000000133e-04
4.786000000000000227e+02 1.354399999999999962e-03
4.783999999999999773e+02 1.870200000000000031e-03
4.781999999999999886e+02 1.617100000000000004e-03
4.780000000000000000e+02 2.860699999999999875e-03
4.778000000000000114e+02 2.093099999999999865e-04
4.776000000000000227e+02 7.251300000000000454e-04
4.773999999999999773e+02 2.200899999999999883e-04
4.771999999999999886e+02 2.905200000000000143e-03
4.770000000000000000e+02 -9.068099999999999728e-04
4.768000000000000114e+02 9.838699999999999703e-04
4.766000000000000227e+02 3.544299999999999794e-03
4.763999999999999773e+02 -9.009099999999999921e-04
4.761999999999999886e+02 8.803199999999999741e-04
4.760000000000000000e+02 9.639999999999999860e-05
4.758000000000000114e+02 7.375399999999999621e-04
4.756000000000000227e+02 -1.297500000000000042e-03
4.753999999999999773e+02 1.760999999999999979e-03
4.751999999999999886e+02 -1.190199999999999982e-03
4.750000000000000000e+02 1.905299999999999962e-03
4.748000000000000114e+02 1.963300000000000125e-04
4.746000000000000227e+02 1.129999999999999928e-03
4.743999999999999773e+02 5.990999999999999798e-03
4.741999999999999886e+02 -6.775400000000000216e-04
4.740000000000000000e+02 2.340099999999999906e-04
4.738000000000000114e+02 -2.858199999999999977e-03
4.736000000000000227e+02 -4.380000000000000077e-05
4.733999999999999773e+02 -1.461400000000000069e-03
4.731999999999999886e+02 2.017699999999999876e-04
4.730000000000000000e+02 3.564499999999999960e-03
4.728000000000000114e+02 4.497199999999999809e-03
4.726000000000000227e+02 3.169200000000000055e-03
4.723999999999999773e+02 3.697499999999999832e-03
4.721999999999999886e+02 7.578100000000000374e-04
4.720000000000000000e+02 3.331800000000000213e-03
4.718000000000000114e+02 2.157300000000000016e-03
4.716000000000000227e+02 -1.343900000000000086e-03
4.713999999999999773e+02 4.718899999999999831e-04
4.711999999999999886e+02 2.856899999999999891e-03
4.710000000000000000e+02 -1.451299999999999986e-03
4.708000000000000114e+02 1.799699999999999998e-03
4.706000000000000227e+02 2.426999999999999904e-03
4.703999999999999773e+02 -1.206899999999999900e-03
4.701999999999999886e+02 1.173699999999999960e-03
4.700000000000000000e+02 1.120300000000000072e-03
4.698000000000000114e+02 -1.989799999999999902e-03
4.696000000000000227e+02 7.448199999999999873e-04
4.693999999999999773e+02 3.354999999999999909e-03
4.691999999999999886e+02 2.585599999999999964e-03
4.690000000000000000e+02 4.760100000000000182e-04
4.688000000000000114e+02 -1.344399999999999935e-03
4.686000000000000227e+02 6.520099999999999594e-04
4.683999999999999773e+02 8.624200000000000269e-04
4.681999999999999886e+02 5.863700000000000336e-03
4.680000000000000000e+02 6.053900000000000297e-04
4.678000000000000114e+02 1.016999999999999892e-03
4.676000000000000227e+02 2.448000000000000089e-03
4.673999999999999773e+02 8.981599999999999523e-04
4.671999999999999886e+02 3.522200000000000070e-03
4.670000000000000000e+02 1.918599999999999906e-03
4.668000000000000114e+02 2.332799999999999891e-03
4.666000000000000227e+02 -1.201400000000000037e-03
4.663999999999999773e+02 -2.155199999999999911e-03
4.661999999999999886e+02 6.601100000000000370e-03
4.660000000000000000e+02 -2.562000000000000041e-03
4.658000000000000114e+02 -1.085000000000000027e-03
4.656000000000000227e+02 -7.301700000000000378e-04
4.653999999999999773e+02 1.694999999999999892e-03
4.651999999999999886e+02 1.717400000000000003e-03
4.650000000000000000e+02 2.952899999999999731e-04
4.648000000000000114e+02 3.951500000000000151e-03
4.646000000000000227e+02 -1.140500000000000021e-03
4.643999999999999773e+02 5.355899999999999593e-04
4.641999999999999886e+02 2.660699999999999784e-03
4.640000000000000000e+02 1.095700000000000016e-03
4.638000000000000114e+02 3.077100000000000148e-03
4.636000000000000227e+02 6.420399999999999718e-04
4.633999999999999773e+02 4.889100000000000390e-03
4.631999999999999886e+02 1.878899999999999971e-03
4.630000000000000000e+02 -3.001999999999999786e-04
4.628000000000000114e+02 1.323799999999999977e-03
4.626000000000000227e+02 1.267200000000000010e-03
4.623999999999999773e+02 -3.361400000000000065e-03
4.621999999999999886e+02 1.108999999999999960e-03
4.620000000000000000e+02 1.227299999999999962e-03
4.618000000000000114e+02 2.161300000000000113e-03
4.616000000000000227e+02 -4.432199999999999747e-04
4.613999999999999773e+02 -1.446800000000000039e-03
4.611999999999999886e+02 9.676599999999999611e-04
4.610000000000000000e+02 -4.104600000000000241e-04
4.608000000000000114e+02 8.157299999999999707e-04
4.606000000000000227e+02 2.283399999999999991e-04
4.603999999999999773e+02 8.479299999999999945e-04
4.601999999999999886e+02 3.255500000000000256e-04
4.600000000000000000e+02 1.450200000000000013e-03
4.598000000000000114e+02 3.342099999999999867e-04
4.596000000000000227e+02 -3.076900000000000034e-03
4.593999999999999773e+02 2.189099999999999813e-03
4.591999999999999886e+02 7.093600000000000252e-04
4.590000000000000000e+02 4.524400000000000253e-04
4.588000000000000114e+02 1.692799999999999947e-03
4.586000000000000227e+02 2.354300000000000143e-03
4.583999999999999773e+02 3.231999999999999955e-04
4.581999999999999886e+02 4.466000000000000351e-03
4.580000000000000000e+02 3.610100000000000201e-03
4.578000000000000114e+02 4.218000000000000395e-03
4.576000000000000227e+02 -5.519099999999999657e-04
4.573999999999999773e+02 1.022600000000000001e-04
4.571999999999999886e+02 6.126099999999999775e-04
4.570000000000000000e+02 -4.054999999999999577e-03
4.568000000000000114e+02 -1.191599999999999908e-03
4.566000000000000227e+02 2.975300000000000167e-03
4.563999999999999773e+02 1.189299999999999906e-03
4.561999999999999886e+02 4.402999999999999796e-03
4.560000000000000000e+02 9.688500000000000497e-04
4.558000000000000114e+02 -1.550299999999999899e-03
4.556000000000000227e+02 2.113999999999999994e-03
4.553999999999999773e+02 2.466499999999999942e-03
4.551999999999999886e+02 4.656699999999999728e-03
4.550000000000000000e+02 -2.081200000000000064e-03
4.548000000000000114e+02 -1.312299999999999968e-03
4.546000000000000227e+02 -2.698599999999999784e-03
4.543999999999999773e+02 1.600999999999999993e-03
4.541999999999999886e+02 1.344900000000000002e-03
4.540000000000000000e+02 -4.780000000000000313e-05
4.538000000000000114e+02 -6.907099999999999785e-04
4.536000000000000227e+02 6.581100000000000318e-03
4.533999999999999773e+02 3.792100000000000071e-03
4.531999999999999886e+02 3.452899999999999958e-04
4.530000000000000000e+02 2.200600000000000039e-04
4.528000000000000114e+02 1.116599999999999928e-03
4.526000000000000227e+02 2.258200000000000029e-04
4.523999999999999773e+02 3.911799999999999999e-03
4.521999999999999886e+02 1.004799999999999921e-03
4.520000000000000000e+02 5.886500000000000239e-04
4.518000000000000114e+02 -1.801499999999999879e-04
4.516000000000000227e+02 -1.848400000000000043e-03
4.513999999999999773e+02 2.671100000000000037e-03
4.511999999999999886e+02 7.250600000000000274e-04
4.510000000000000000e+02 1.110400000000000102e-03
4.508000000000000114e+02 8.451100000000000452e-04
4.506000000000000227e+02 7.420000000000000109e-05
4.503999999999999773e+02 3.974600000000000008e-03
4.501999999999999886e+02 -2.245500000000000100e-03
4.500000000000000000e+02 2.284700000000000186e-03
4.498000000000000114e+02 3.209899999999999906e-03
4.496000000000000227e+02 4.235700000000000229e-03
4.493999999999999773e+02 1.394099999999999897e-03
4.491999999999999886e+02 -1.051300000000000021e-03
4.490000000000000000e+02 3.108699999999999831e-03
4.488000000000000114e+02 3.548000000000000047e-04
4.486000000000000227e+02 1.006399999999999960e-03
4.483999999999999773e+02 5.542100000000000325e-03
4.481999999999999886e+02 2.670899999999999924e-03
4.480000000000000000e+02 -1.220699999999999910e-03
4.478000000000000114e+02 -1.592300000000000052e-03
4.476000000000000227e+02 6.140499999999999908e-04
4.473999999999999773e+02 7.167799999999999779e-04
4.471999999999999886e+02 -1.071399999999999913e-03
4.470000000000000000e+02 -6.609999999999999394e-05
4.468000000000000114e+02 3.226500000000000093e-04
4.466000000000000227e+02 2.301800000000000113e-03
4.463999999999999773e+02 -2.068700000000000139e-03
4.461999999999999886e+02 2.520899999999999964e-03
4.460000000000000000e+02 2.231799999999999930e-03
4.458000000000000114e+02 -4.216199999999999809e-03
4.456000000000000227e+02 3.769299999999999842e-04
4.453999999999999773e+02 3.915499999999999710e-03
4.451999999999999886e+02 9.509600000000000431e-04
4.450000000000000000e+02 -8.035800000000000278e-04
4.448000000000000114e+02 1.338800000000000016e-03
4.446000000000000227e+02 1.595400000000000073e-03
4.443999999999999773e+02 -1.883399999999999918e-03
4.441999999999999886e+02 3.745599999999999971e-03
4.440000000000000000e+02 1.087899999999999935e-03
4.438000000000000114e+02 1.171699999999999912e-03
4.436000000000000227e+02 2.238400000000000199e-03
4.433999999999999773e+02 3.807500000000000120e-04
4.431999999999999886e+02 5.896299999999999502e-04
4.430000000000000000e+02 -6.762600000000000338e-04
4.428000000000000114e+02 4.914100000000000239e-03
4.426000000000000227e+02 -7.708399999999999584e-04
4.423999999999999773e+02 6.844099999999999880e-04
4.421999999999999886e+02 6.696200000000000025e-04
4.420000000000000000e+02 -4.004200000000000185e-04
4.418000000000000114e+02 1.964200000000000147e-03
4.416000000000000227e+02 2.927499999999999981e-03
4.413999999999999773e+02 2.310199999999999938e-04
4.411999999999999886e+02 -1.636400000000000094e-03
4.410000000000000000e+02 -1.580000000000000119e-05
4.408000000000000114e+02 -6.740900000000000190e-04
4.406000000000000227e+02 2.723699999999999906e-03
4.403999999999999773e+02 1.003599999999999946e-04
4.401999999999999886e+02 1.983099999999999793e-03
4.400000000000000000e+02 3.248700000000000199e-03
4.398000000000000114e+02 -3.093400000000000164e-04
4.396000000000000227e+02 -1.186900000000000064e-03
4.393999999999999773e+02 1.335999999999999948e-03
4.391999999999999886e+02 -1.064000000000000059e-03
4.390000000000000000e+02 5.004699999999999947e-03
4.388000000000000114e+02 -2.196000000000000035e-03
4.386000000000000227e+02 1.617900000000000024e-03
4.383999999999999773e+02 -2.827300000000000039e-03
4.381999999999999886e+02 3.642400000000000065e-03
4.380000000000000000e+02 5.107099999999999834e-03
4.378000000000000114e+02 -3.952800000000000237e-03
4.376000000000000227e+02 4.804000000000000219e-04
4.373999999999999773e+02 4.622200000000000028e-04
4.371999999999999886e+02 1.617900000000000024e-03
4.370000000000000000e+02 1.598000000000000028e-03
4.368000000000000114e+02 -2.329299999999999860e-03
4.366000000000000227e+02 3.815799999999999834e-03
4.363999999999999773e+02 -1.838000000000000007e-03
4.361999999999999886e+02 4.592800000000000181e-03
4.360000000000000000e+02 -2.855299999999999852e-03
4.358000000000000114e+02 -1.436400000000000003e-03
4.356000000000000227e+02 3.468499999999999795e-03
4.353999999999999773e+02 2.935099999999999949e-03
4.351999999999999886e+02 2.672200000000000009e-03
4.350000000000000000e+02 -1.426799999999999987e-03
4.348000000000000114e+02 1.258800000000000023e-03
4.346000000000000227e+02 -4.838900000000000146e-03
4.343999999999999773e+02 1.379299999999999971e-03
4.341999999999999886e+02 3.081099999999999811e-03
4.340000000000000000e+02 8.286199999999999642e-04
4.338000000000000114e+02 1.536100000000000096e-03
4.336000000000000227e+02 -2.541400000000000083e-03
4.333999999999999773e+02 1.785399999999999921e-03
4.331999999999999886e+02 -9.444300000000000091e-04
4.330000000000000000e+02 2.625399999999999956e-03
4.328000000000000114e+02 2.707699999999999951e-03
4.326000000000000227e+02 5.145500000000000117e-04
4.323999999999999773e+02 -4.105499999999999775e-03
4.321999999999999886e+02 -1.084499999999999961e-03
4.320000000000000000e+02 1.800000000000000046e-05
4.318000000000000114e+02 -9.651899999999999933e-04
4.316000000000000227e+02 -3.729999999999999863e-05
4.313999999999999773e+02 -8.990800000000000181e-04
4.311999999999999886e+02 -2.095000000000000074e-03
4.310000000000000000e+02 -1.267499999999999964e-03
4.308000000000000114e+02 -6.355300000000000359e-04
4.306000000000000227e+02 1.995400000000000038e-04
4.303999999999999773e+02 -5.828500000000000347e-03
4.301999999999999886e+02 -4.012999999999999966e-04
4.300000000000000000e+02 1.572300000000000000e-03
4.298000000000000114e+02 1.824399999999999893e-03
4.296000000000000227e+02 2.437700000000000110e-03
4.293999999999999773e+02 -3.676500000000000080e-03
4.291999999999999886e+02 1.072699999999999999e-03
4.290000000000000000e+02 2.949699999999999978e-03
4.288000000000000114e+02 1.589600000000000041e-03
4.286000000000000227e+02 1.582999999999999989e-03
4.283999999999999773e+02 1.994900000000000026e-04
4.281999999999999886e+02 1.637199999999999897e-03
4.280000000000000000e+02 3.027300000000000130e-03
4.278000000000000114e+02 5.800500000000000317e-04
4.276000000000000227e+02 -9.335600000000000539e-04
4.273999999999999773e+02 -1.188299999999999990e-03
4.271999999999999886e+02 1.241899999999999992e-03
4.270000000000000000e+02 6.178299999999999851e-04
4.268000000000000114e+02 -1.312900000000000091e-03
4.266000000000000227e+02 -1.344300000000000096e-03
4.263999999999999773e+02 -3.509999999999999936e-05
4.261999999999999886e+02 1.124299999999999952e-03
4.260000000000000000e+02 3.072200000000000191e-03
4.258000000000000114e+02 -2.470000000000000068e-05
4.256000000000000227e+02 -3.312100000000000113e-03
4.253999999999999773e+02 2.854600000000000106e-03
4.251999999999999886e+02 -2.972699999999999995e-03
4.250000000000000000e+02 3.948799999999999706e-03
4.248000000000000114e+02 -1.004399999999999911e-03
4.246000000000000227e+02 -1.317599999999999934e-03
4.243999999999999773e+02 -1.621100000000000102e-03
4.241999999999999886e+02 -9.166899999999999528e-04
4.240000000000000000e+02 8.173600000000000483e-04
4.238000000000000114e+02 3.809499999999999952e-03
4.236000000000000227e+02 -3.869999999999999878e-05
4.233999999999999773e+02 -3.889999999999999686e-05
4.231999999999999886e+02 6.938499999999999789e-04
4.230000000000000000e+02 9.806699999999998925e-04
4.228000000000000114e+02 2.482499999999999898e-03
4.226000000000000227e+02 -2.279100000000000049e-03
4.223999999999999773e+02 -1.160400000000000017e-03
4.221999999999999886e+02 -5.235500000000000136e-04
4.220000000000000000e+02 4.125099999999999600e-03
4.218000000000000114e+02 6.134299999999999866e-04
4.216000000000000227e+02 -3.302800000000000158e-04
4.213999999999999773e+02 -2.909599999999999925e-04
4.211999999999999886e+02 -1.534299999999999943e-03
4.210000000000000000e+02 6.176099999999999906e-04
4.208000000000000114e+02 5.981100000000000045e-04
4.206000000000000227e+02 -1.701499999999999888e-04
4.203999999999999773e+02 2.602900000000000005e-03
4.201999999999999886e+02 2.006500000000000037e-03
4.200000000000000000e+02 1.190400000000000095e-03
4.198000000000000114e+02 5.368099999999999782e-03
4.196000000000000227e+02 -4.462500000000000321e-03
4.193999999999999773e+02 -2.491800000000000178e-03
4.191999999999999886e+02 -1.753100000000000058e-03
4.190000000000000000e+02 -1.040499999999999975e-03
4.188000000000000114e+02 9.579999999999999757e-05
4.186000000000000227e+02 -1.417700000000000037e-03
4.183999999999999773e+02 -1.184500000000000006e-03
4.181999999999999886e+02 -1.786199999999999941e-04
4.180000000000000000e+02 -1.788500000000000105e-04
4.178000000000000114e+02 -5.433200000000000226e-04
4.176000000000000227e+02 -2.745399999999999837e-03
4.173999999999999773e+02 1.862600000000000063e-03
4.171999999999999886e+02 -2.447099999999999796e-03
4.170000000000000000e+02 2.802699999999999983e-03
4.168000000000000114e+02 7.292600000000000211e-04
4.166000000000000227e+02 1.258599999999999910e-03
4.163999999999999773e+02 -2.087799999999999899e-03
4.161999999999999886e+02 -1.125099999999999972e-03
4.160000000000000000e+02 -2.849299999999999923e-03
4.158000000000000114e+02 -4.106900000000000134e-04
4.156000000000000227e+02 2.077100000000000127e-03
4.153999999999999773e+02 1.075400000000000038e-04
4.151999999999999886e+02 2.705799999999999959e-03
4.150000000000000000e+02 4.692200000000000103e-04
4.148000000000000114e+02 1.823399999999999977e-03
4.146000000000000227e+02 1.502499999999999929e-03
4.143999999999999773e+02 8.000000000000000654e-05
4.141999999999999886e+02 1.849100000000000006e-03
4.140000000000000000e+02 1.376400000000000063e-03
4.138000000000000114e+02 3.841400000000000023e-03
4.136000000000000227e+02 5.105599999999999635e-04
4.133999999999999773e+02 -2.401499999999999989e-03
4.131999999999999886e+02 -8.298199999999999934e-04
4.130000000000000000e+02 1.132699999999999940e-03
4.128000000000000114e+02 2.371999999999999977e-03
4.126000000000000227e+02 -4.530000000000000335e-05
4.123999999999999773e+02 -9.336499999999999530e-04
4.121999999999999886e+02 8.355300000000000183e-04
4.120000000000000000e+02 2.817599999999999966e-03
4.118000000000000114e+02 7.173099999999999745e-04
4.116000000000000227e+02 -7.950400000000000045e-04
4.113999999999999773e+02 6.038699999999999493e-04
4.111999999999999886e+02 2.290299999999999942e-04
4.110000000000000000e+02 1.232299999999999975e-03
4.108000000000000114e+02 -2.947800000000000203e-04
4.106000000000000227e+02 2.546999999999999785e-03
4.103999999999999773e+02 -2.118500000000000157e-03
4.101999999999999886e+02 -1.975600000000000099e-03
4.100000000000000000e+02 2.943600000000000209e-04
4.098000000000000114e+02 2.610100000000000180e-03
4.096000000000000227e+02 3.396800000000000166e-03
4.093999999999999773e+02 -6.658099999999999696e-04
4.091999999999999886e+02 4.405300000000000014e-03
4.090000000000000000e+02 -4.054999999999999902e-04
4.088000000000000114e+02 -2.309299999999999808e-03
4.086000000000000227e+02 1.337099999999999921e-03
4.083999999999999773e+02 2.233399999999999969e-03
4.081999999999999886e+02 4.302499999999999901e-03
4.080000000000000000e+02 2.516500000000000074e-03
4.078000000000000114e+02 5.986599999999999908e-04
4.076000000000000227e+02 3.832900000000000196e-03
4.073999999999999773e+02 1.555500000000000025e-03
4.071999999999999886e+02 1.775199999999999998e-03
4.070000000000000000e+02 2.873199999999999799e-03
4.068000000000000114e+02 4.621100000000000381e-03
4.066000000000000227e+02 -4.500000000000000283e-05
4.063999999999999773e+02 2.583400000000000019e-03
4.061999999999999886e+02 -1.531400000000000036e-03
4.060000000000000000e+02 5.858400000000000152e-04
4.058000000000000114e+02 3.446100000000000226e-04
4.056000000000000227e+02 2.121300000000000009e-03
4.053999999999999773e+02 3.433499999999999920e-03
4.051999999999999886e+02 1.804300000000000001e-03
4.050000000000000000e+02 3.710999999999999889e-03
4.048000000000000114e+02 3.754599999999999865e-03
4.046000000000000227e+02 6.689999999999999983e-05
4.043999999999999773e+02 -1.410000000000000053e-05
4.041999999999999886e+02 -4.803700000000000157e-03
4.040000000000000000e+02 5.122899999999999676e-03
4.038000000000000114e+02 4.316500000000000024e-04
4.036000000000000227e+02 -1.031199999999999912e-03
4.033999999999999773e+02 2.468800000000000161e-03
4.031999999999999886e+02 -1.928599999999999932e-03
4.030000000000000000e+02 -1.042699999999999920e-03
4.028000000000000114e+02 -2.312600000000000159e-03
4.026000000000000227e+02 -1.446999999999999936e-03
4.023999999999999773e+02 -8.295999999999999989e-04
4.021999999999999886e+02 -2.486400000000000155e-03
4.020000000000000000e+02 -9.534699999999999903e-04
4.018000000000000114e+02 5.946199999999999576e-03
4.016000000000000227e+02 2.546899999999999945e-03
4.013999999999999773e+02 4.507299999999999675e-03
4.011999999999999886e+02 9.447000000000000319e-04
4.010000000000000000e+02 3.246199999999999867e-03
4.008000000000000114e+02 2.901799999999999952e-03
4.006000000000000227e+02 3.393800000000000202e-04
4.003999999999999773e+02 -3.024999999999999911e-03
4.001999999999999886e+02 2.353000000000000057e-03
4.000000000000000000e+02 -5.616599999999999588e-04
3.998000000000000114e+02 3.285200000000000056e-04
3.996000000000000227e+02 3.377000000000000227e-04
3.993999999999999773e+02 2.782499999999999817e-03
3.991999999999999886e+02 -4.294400000000000083e-04
3.990000000000000000e+02 4.492499999999999966e-03
3.988000000000000114e+02 -4.847200000000000076e-04
3.986000000000000227e+02 1.982700000000000001e-03
3.983999999999999773e+02 -9.557500000000000023e-04
3.981999999999999886e+02 1.517700000000000082e-03
3.980000000000000000e+02 1.557900000000000083e-03
3.978000000000000114e+02 1.189100000000000009e-03
3.976000000000000227e+02 -1.270800000000000098e-03
3.973999999999999773e+02 1.214500000000000085e-03
3.971999999999999886e+02 -2.798099999999999980e-03
3.970000000000000000e+02 2.495100000000000096e-03
3.968000000000000114e+02 1.383099999999999954e-03
3.966000000000000227e+02 1.103000000000000031e-03
3.963999999999999773e+02 -8.006099999999999935e-04
3.961999999999999886e+02 2.285800000000000158e-03
3.960000000000000000e+02 -1.688499999999999897e-03
3.958000000000000114e+02 -1.726499999999999953e-03
3.956000000000000227e+02 -3.826599999999999880e-03
3.953999999999999773e+02 4.211900000000000192e-03
3.951999999999999886e+02 1.605899999999999949e-03
3.950000000000000000e+02 -1.653900000000000032e-03
3.948000000000000114e+02 1.307299999999999955e-03
3.946000000000000227e+02 -4.022200000000000081e-04
3.943999999999999773e+02 5.871700000000000313e-04
3.941999999999999886e+02 -9.222899999999999805e-04
3.940000000000000000e+02 4.356800000000000082e-03
3.938000000000000114e+02 5.531799999999999912e-03
3.936000000000000227e+02 1.361400000000000023e-03
3.933999999999999773e+02 5.045299999999999958e-04
3.931999999999999886e+02 4.735599999999999857e-04
3.930000000000000000e+02 -9.157100000000000265e-04
3.928000000000000114e+02 3.258700000000000225e-04
3.926000000000000227e+02 1.090800000000000059e-03
3.923999999999999773e+02 -1.447799999999999955e-03
3.921999999999999886e+02 2.128600000000000023e-03
3.920000000000000000e+02 1.009700000000000094e-03
3.918000000000000114e+02 7.061100000000000276e-04
3.916000000000000227e+02 7.059999999999999490e-05
3.913999999999999773e+02 6.871000000000000371e-03
3.911999999999999886e+02 -1.544900000000000093e-03
3.910000000000000000e+02 1.098999999999999934e-03
3.908000000000000114e+02 -4.263199999999999976e-04
3.906000000000000227e+02 1.214299999999999971e-03
3.903999999999999773e+02 3.785999999999999869e-03
3.901999999999999886e+02 1.246600000000000052e-03
3.900000000000000000e+02 -2.734499999999999952e-03
3.898000000000000114e+02 1.243100000000000021e-03
3.896000000000000227e+02 4.866800000000000119e-03
3.893999999999999773e+02 3.875500000000000039e-03
3.891999999999999886e+02 3.061599999999999825e-03
3.890000000000000000e+02 -1.007499999999999932e-03
3.888000000000000114e+02 1.152799999999999940e-04
3.886000000000000227e+02 1.284999999999999901e-03
3.883999999999999773e+02 1.492499999999999903e-03
3.881999999999999886e+02 -3.077600000000000214e-03
3.880000000000000000e+02 -9.024600000000000026e-04
3.878000000000000114e+02 1.990100000000000072e-04
3.876000000000000227e+02 -2.940400000000000240e-04
3.873999999999999773e+02 6.081500000000000100e-04
3.871999999999999886e+02 2.789400000000000039e-03
3.870000000000000000e+02 -2.720000000000000046e-05
3.868000000000000114e+02 3.414499999999999784e-04
3.866000000000000227e+02 2.731700000000000100e-03
3.863999999999999773e+02 3.617700000000000169e-03
3.861999999999999886e+02 2.729099999999999929e-03
3.860000000000000000e+02 -8.044299999999999671e-04
3.858000000000000114e+02 7.019999999999999873e-05
3.856000000000000227e+02 9.789099999999999364e-04
3.853999999999999773e+02 1.117500000000000004e-03
3.851999999999999886e+02 -1.437499999999999976e-03
3.850000000000000000e+02 -1.687299999999999922e-04
3.848000000000000114e+02 -1.561300000000000058e-03
3.846000000000000227e+02 2.464800000000000064e-03
3.843999999999999773e+02 -1.502800000000000099e-03
3.841999999999999886e+02 -1.609100000000000027e-03
3.840000000000000000e+02 3.131800000000000122e-03
3.838000000000000114e+02 2.301600000000000000e-03
3.836000000000000227e+02 6.850800000000000205e-04
3.833999999999999773e+02 -2.521699999999999983e-03
3.831999999999999886e+02 2.712399999999999794e-03
3.830000000000000000e+02 1.360199999999999994e-03
3.828000000000000114e+02 -3.937599999999999976e-04
3.826000000000000227e+02 1.734499999999999931e-03
3.823999999999999773e+02 -2.611599999999999946e-03
3.821999999999999886e+02 3.419600000000000070e-03
3.820000000000000000e+02 9.882000000000000593e-04
3.818000000000000114e+02 8.840399999999999994e-04
3.816000000000000227e+02 -1.008900000000000075e-03
3.813999999999999773e+02 1.862299999999999893e-03
3.811999999999999886e+02 4.382999999999999743e-03
3.810000000000000000e+02 -1.298300000000000062e-03
3.808000000000000114e+02 5.483100000000000300e-03
3.806000000000000227e+02 -1.759200000000000043e-03
3.803999999999999773e+02 1.688899999999999907e-03
3.801999999999999886e+02 3.186000000000000030e-03
3.800000000000000000e+02 3.827199999999999786e-03
3.798000000000000114e+02 2.712700000000000181e-03
3.796000000000000227e+02 4.485799999999999857e-03
3.793999999999999773e+02 -6.629999999999999609e-04
3.791999999999999886e+02 8.490900000000000444e-04
3.790000000000000000e+02 8.534799999999999939e-04
3.788000000000000114e+02 -1.319099999999999917e-03
3.786000000000000227e+02 3.492899999999999846e-04
3.783999999999999773e+02 7.545499999999999907e-04
3.781999999999999886e+02 -1.446800000000000039e-04
3.780000000000000000e+02 4.503000000000000058e-03
3.778000000000000114e+02 -1.120100000000000067e-04
3.776000000000000227e+02 8.419200000000000165e-04
3.773999999999999773e+02 2.307599999999999929e-04
3.771999999999999886e+02 2.517699999999999886e-03
3.770000000000000000e+02 1.673400000000000018e-03
3.768000000000000114e+02 -3.940000000000000224e-05
3.766000000000000227e+02 1.588999999999999918e-03
3.763999999999999773e+02 1.842200000000000001e-03
3.761999999999999886e+02 2.848600000000000177e-03
3.760000000000000000e+02 5.750899999999999762e-03
3.758000000000000114e+02 -4.160000000000000151e-05
3.756000000000000227e+02 -9.303399999999999864e-04
3.753999999999999773e+02 2.144199999999999969e-04
3.751999999999999886e+02 2.555299999999999933e-03
3.750000000000000000e+02 -7.886399999999999574e-04
3.748000000000000114e+02 1.548499999999999963e-04
3.746000000000000227e+02 2.941500000000000104e-03
3.743999999999999773e+02 2.955900000000000021e-03
3.741999999999999886e+02 4.136899999999999779e-03
3.740000000000000000e+02 1.660199999999999914e-03
3.738000000000000114e+02 5.362099999999999853e-03
3.736000000000000227e+02 4.646700000000000136e-03
3.733999999999999773e+02 -2.882800000000000249e-04
3.731999999999999886e+02 5.826199999999999478e-04
3.730000000000000000e+02 9.758699999999999927e-04
3.728000000000000114e+02 2.612399999999999965e-03
3.726000000000000227e+02 -7.742499999999999816e-04
3.723999999999999773e+02 -4.254199999999999757e-04
3.721999999999999886e+02 2.888100000000000216e-03
3.720000000000000000e+02 -1.436200000000000107e-03
3.718000000000000114e+02 -1.614200000000000097e-04
3.716000000000000227e+02 -2.218499999999999986e-03
3.713999999999999773e+02 -1.470600000000000076e-03
3.711999999999999886e+02 -9.902800000000000664e-04
3.710000000000000000e+02 1.705400000000000037e-04
3.708000000000000114e+02 1.263999999999999933e-03
3.706000000000000227e+02 -4.356900000000000356e-03
3.703999999999999773e+02 -6.475600000000000410e-04
3.701999999999999886e+02 4.439299999999999865e-04
3.700000000000000000e+02 4.429999999999999937e-05
3.698000000000000114e+02 1.819599999999999993e-03
3.696000000000000227e+02 2.466799999999999896e-03
3.693999999999999773e+02 7.264899999999999917e-04
3.691999999999999886e+02 8.160000000000000478e-05
3.690000000000000000e+02 -1.164300000000000057e-03
3.688000000000000114e+02 7.126500000000000022e-04
3.686000000000000227e+02 5.937199999999999466e-04
3.683999999999999773e+02 1.783599999999999986e-03
3.681999999999999886e+02 2.122100000000000028e-04
3.680000000000000000e+02 7.983299999999999815e-04
3.678000000000000114e+02 1.249700000000000073e-03
3.676000000000000227e+02 2.275800000000000132e-03
3.673999999999999773e+02 9.095099999999999843e-04
3.671999999999999886e+02 -5.458699999999999490e-04
3.670000000000000000e+02 1.814899999999999933e-03
3.668000000000000114e+02 4.854800000000000261e-03
3.666000000000000227e+02 1.855499999999999945e-03
3.663999999999999773e+02 -1.700799999999999979e-04
3.661999999999999886e+02 5.380700000000000413e-03
3.660000000000000000e+02 3.516500000000000094e-03
3.658000000000000114e+02 2.763199999999999944e-03
3.656000000000000227e+02 -3.550000000000000231e-05
3.653999999999999773e+02 2.141300000000000061e-03
3.651999999999999886e+02 1.525000000000000097e-03
3.650000000000000000e+02 5.027799999999999804e-04
3.648000000000000114e+02 3.329000000000000145e-04
3.646000000000000227e+02 -3.750799999999999881e-03
3.643999999999999773e+02 1.407300000000000001e-03
3.641999999999999886e+02 6.079600000000000542e-04
3.640000000000000000e+02 8.371999999999999668e-04
3.638000000000000114e+02 1.826300000000000102e-03
3.636000000000000227e+02 2.449400000000000015e-03
3.633999999999999773e+02 4.608899999999999976e-03
3.631999999999999886e+02 -1.600700000000000039e-04
3.630000000000000000e+02 1.234800000000000090e-03
3.628000000000000114e+02 -1.846999999999999901e-03
3.626000000000000227e+02 -6.720600000000000402e-04
3.623999999999999773e+02 2.300400000000000188e-03
3.621999999999999886e+02 1.380799999999999953e-03
3.620000000000000000e+02 -2.412000000000000081e-03
3.618000000000000114e+02 1.290200000000000027e-03
3.616000000000000227e+02 3.080799999999999858e-03
3.613999999999999773e+02 8.071699999999999578e-04
3.611999999999999886e+02 6.229999999999999644e-05
3.610000000000000000e+02 8.130000000000000291e-04
3.608000000000000114e+02 -6.595400000000000177e-04
3.606000000000000227e+02 -4.202100000000000171e-04
3.603999999999999773e+02 -1.442600000000000045e-04
3.601999999999999886e+02 -4.009700000000000048e-04
3.600000000000000000e+02 -5.119900000000000145e-03
3.598000000000000114e+02 -2.897800000000000072e-04
3.596000000000000227e+02 2.675400000000000087e-03
3.593999999999999773e+02 3.568700000000000171e-03
3.591999999999999886e+02 3.515499999999999962e-03
3.590000000000000000e+02 -2.687000000000000152e-03
3.588000000000000114e+02 1.945700000000000077e-03
3.586000000000000227e+02 -2.336799999999999988e-03
3.583999999999999773e+02 5.636499999999999583e-04
3.581999999999999886e+02 -2.262899999999999981e-03
3.580000000000000000e+02 9.771199999999999417e-04
3.578000000000000114e+02 -9.258499999999999803e-04
3.576000000000000227e+02 6.146800000000000441e-04
3.573999999999999773e+02 4.457599999999999930e-03
3.571999999999999886e+02 -3.247400000000000113e-03
3.570000000000000000e+02 3.314600000000000012e-03
3.568000000000000114e+02 1.009799999999999934e-03
3.566000000000000227e+02 9.941600000000000090e-04
3.563999999999999773e+02 1.938499999999999902e-03
3.561999999999999886e+02 1.385100000000000003e-03
3.560000000000000000e+02 2.291899999999999927e-03
3.558000000000000114e+02 1.946800000000000050e-03
3.556000000000000227e+02 1.207799999999999976e-03
3.553999999999999773e+02 1.109200000000000073e-03
3.551999999999999886e+02 1.606299999999999959e-03
3.550000000000000000e+02 3.410999999999999970e-03
3.548000000000000114e+02 -3.257700000000000092e-03
3.546000000000000227e+02 -1.329300000000000056e-03
3.543999999999999773e+02 -3.009999999999999980e-05
3.541999999999999886e+02 -2.968800000000000171e-04
3.540000000000000000e+02 3.480899999999999880e-03
3.538000000000000114e+02 1.099799999999999953e-03
3.536000000000000227e+02 -8.858699999999999734e-04
3.533999999999999773e+02 1.342300000000000047e-03
3.531999999999999886e+02 -1.051000000000000068e-03
3.530000000000000000e+02 2.111800000000000049e-03
3.528000000000000114e+02 -2.075500000000000088e-03
3.526000000000000227e+02 9.999200000000000622e-04
3.523999999999999773e+02 -1.081399999999999939e-03
3.521999999999999886e+02 3.729099999999999950e-03
3.520000000000000000e+02 2.349799999999999979e-03
3.518000000000000114e+02 3.011700000000000184e-04
3.516000000000000227e+02 -1.035700000000000075e-03
3.513999999999999773e+02 3.206899999999999942e-03
3.511999999999999886e+02 3.311399999999999934e-03
3.510000000000000000e+02 1.992799999999999867e-03
3.508000000000000114e+02 -1.807999999999999928e-03
3.506000000000000227e+02 1.621100000000000102e-03
3.503999999999999773e+02 -6.877800000000000320e-04
3.501999999999999886e+02 1.664099999999999954e-03
3.500000000000000000e+02 6.912599999999999648e-04
3.498000000000000114e+02 -5.746899999999999882e-04
3.496000000000000227e+02 -3.019599999999999888e-04
3.493999999999999773e+02 2.731200000000000034e-03
3.491999999999999886e+02 4.628600000000000075e-03
3.490000000000000000e+02 2.208699999999999910e-04
3.488000000000000114e+02 1.732800000000000052e-03
3.486000000000000227e+02 4.023900000000000393e-03
3.483999999999999773e+02 1.861299999999999977e-03
3.481999999999999886e+02 1.355599999999999991e-03
3.480000000000000000e+02 3.107700000000000132e-03
3.478000000000000114e+02 -6.780799999999999588e-04
3.476000000000000227e+02 -4.286499999999999837e-04
3.473999999999999773e+02 -5.494099999999999592e-04
3.471999999999999886e+02 4.110199999999999618e-03
3.470000000000000000e+02 3.128099999999999978e-03
3.468000000000000114e+02 4.398000000000000000e-03
3.466000000000000227e+02 3.123100000000000181e-03
3.463999999999999773e+02 -4.055899999999999978e-04
3.461999999999999886e+02 9.566600000000000190e-04
3.460000000000000000e+02 5.180299999999999662e-03
3.458000000000000114e+02 2.999400000000000156e-03
3.456000000000000227e+02 5.952499999999999675e-04
3.453999999999999773e+02 1.612200000000000048e-03
3.451999999999999886e+02 5.848700000000000296e-04
3.450000000000000000e+02 1.738299999999999915e-03
3.448000000000000114e+02 -1.531699999999999989e-03
3.446000000000000227e+02 -1.213399999999999895e-03
3.443999999999999773e+02 7.238900000000000369e-04
3.441999999999999886e+02 1.399499999999999919e-03
3.440000000000000000e+02 3.006700000000000171e-03
3.438000000000000114e+02 6.233999999999999741e-04
3.436000000000000227e+02 -9.259999999999999568e-04
3.433999999999999773e+02 1.755899999999999909e-03
3.431999999999999886e+02 2.384600000000000174e-03
3.430000000000000000e+02 1.370600000000000030e-03
3.428000000000000114e+02 1.117500000000000004e-03
3.426000000000000227e+02 -2.888899999999999801e-04
3.423999999999999773e+02 2.552200000000000128e-03
3.421999999999999886e+02 1.109699999999999923e-03
3.420000000000000000e+02 2.663800000000000022e-03
3.418000000000000114e+02 -8.109600000000000012e-04
3.416000000000000227e+02 1.638300000000000086e-03
3.413999999999999773e+02 1.490199999999999901e-03
3.411999999999999886e+02 -5.287299999999999986e-03
3.410000000000000000e+02 -3.699999999999999811e-05
3.408000000000000114e+02 2.265300000000000039e-03
3.406000000000000227e+02 1.139500000000000105e-03
3.403999999999999773e+02 2.541100000000000129e-03
3.401999999999999886e+02 -1.313600000000000054e-03
3.400000000000000000e+02 7.635300000000000030e-04
3.398000000000000114e+02 1.295399999999999937e-03
3.396000000000000227e+02 1.503199999999999892e-03
3.393999999999999773e+02 -1.592499999999999949e-03
3.391999999999999886e+02 -4.123900000000000005e-04
3.390000000000000000e+02 -4.259999999999999871e-05
3.388000000000000114e+02 -1.449699999999999947e-03
3.386000000000000227e+02 8.839999999999999388e-05
3.383999999999999773e+02 1.035300000000000066e-03
3.381999999999999886e+02 -7.589199999999999505e-04
3.380000000000000000e+02 -1.600799999999999988e-04
3.378000000000000114e+02 3.128100000000000086e-04
3.376000000000000227e+02 2.161300000000000059e-04
3.373999999999999773e+02 3.339099999999999794e-04
3.371999999999999886e+02 -1.457799999999999981e-03
3.370000000000000000e+02 -2.311399999999999913e-03
3.368000000000000114e+02 9.085700000000000373e-04
3.366000000000000227e+02 3.752999999999999826e-03
3.363999999999999773e+02 1.363499999999999912e-03
3.361999999999999886e+02 2.674100000000000001e-03
3.360000000000000000e+02 7.896300000000000411e-04
3.358000000000000114e+02 2.049200000000000153e-03
3.356000000000000227e+02 1.016600000000000099e-03
3.353999999999999773e+02 1.601200000000000106e-03
3.351999999999999886e+02 -1.010300000000000000e-03
3.350000000000000000e+02 7.694099999999999941e-04
3.348000000000000114e+02 7.756399999999999666e-04
3.346000000000000227e+02 5.470000000000000144e-05
3.343999999999999773e+02 1.270700000000000041e-03
3.341999999999999886e+02 2.383500000000000202e-03
3.340000000000000000e+02 6.555600000000000186e-04
3.338000000000000114e+02 -4.530299999999999909e-04
3.336000000000000227e+02 4.642700000000000255e-04
3.333999999999999773e+02 1.069199999999999968e-03
3.331999999999999886e+02 1.058999999999999991e-04
3.330000000000000000e+02 1.570699999999999961e-03
3.328000000000000114e+02 -6.319999999999999663e-04
3.326000000000000227e+02 1.321600000000000032e-03
3.323999999999999773e+02 2.653500000000000043e-03
3.321999999999999886e+02 2.409300000000000070e-03
3.320000000000000000e+02 -7.773399999999999537e-04
3.318000000000000114e+02 3.858599999999999790e-03
3.316000000000000227e+02 3.345499999999999950e-03
3.313999999999999773e+02 -1.966400000000000092e-03
3.311999999999999886e+02 6.693499999999999797e-04
3.310000000000000000e+02 2.347099999999999968e-03
3.308000000000000114e+02 9.314599999999999486e-04
3.306000000000000227e+02 3.078099999999999847e-03
3.303999999999999773e+02 3.897999999999999989e-03
3.301999999999999886e+02 2.067000000000000098e-04
3.300000000000000000e+02 -3.440000000000000268e-05
3.298000000000000114e+02 -1.087300000000000029e-03
3.296000000000000227e+02 2.714400000000000059e-03
3.293999999999999773e+02 6.121699999999999885e-03
3.291999999999999886e+02 3.269600000000000110e-03
3.290000000000000000e+02 -1.676600000000000095e-03
3.288000000000000114e+02 -6.221100000000000458e-04
3.286000000000000227e+02 -3.182200000000000046e-03
3.283999999999999773e+02 1.629599999999999929e-03
3.281999999999999886e+02 -1.483500000000000010e-03
3.280000000000000000e+02 -5.206699999999999870e-04
3.278000000000000114e+02 2.701100000000000115e-03
3.276000000000000227e+02 -8.770000000000000397e-05
3.273999999999999773e+02 1.331899999999999903e-04
3.271999999999999886e+02 5.473099999999999623e-04
3.270000000000000000e+02 -2.842400000000000026e-04
3.268000000000000114e+02 2.687999999999999851e-03
3.266000000000000227e+02 2.190899999999999966e-03
3.263999999999999773e+02 -1.649999999999999991e-03
3.261999999999999886e+02 -3.160000000000000238e-05
3.260000000000000000e+02 4.253200000000000383e-03
3.258000000000000114e+02 2.400699999999999969e-03
3.256000000000000227e+02 1.887999999999999921e-03
3.253999999999999773e+02 -1.745599999999999929e-03
3.251999999999999886e+02 2.876999999999999783e-03
3.250000000000000000e+02 2.884499999999999911e-03
3.248000000000000114e+02 -5.310900000000000126e-04
3.246000000000000227e+02 1.811899999999999969e-03
3.243999999999999773e+02 6.683600000000000044e-04
3.241999999999999886e+02 4.036200000000000204e-03
3.240000000000000000e+02 2.132799999999999800e-03
3.238000000000000114e+02 1.483500000000000010e-03
3.236000000000000227e+02 1.268900000000000106e-03
3.233999999999999773e+02 3.187500000000000229e-04
3.231999999999999886e+02 1.382800000000000001e-03
3.230000000000000000e+02 1.163399999999999981e-03
3.228000000000000114e+02 3.031900000000000133e-03
3.226000000000000227e+02 1.025300000000000039e-03
3.223999999999999773e+02 -1.561699999999999905e-04
3.221999999999999886e+02 -6.125399999999999595e-04
3.220000000000000000e+02 2.869700000000000202e-03
3.218000000000000114e+02 2.963400000000000257e-04
3.216000000000000227e+02 1.866000000000000037e-03
3.213999999999999773e+02 2.142999999999999940e-03
3.211999999999999886e+02 3.256799999999999799e-03
3.210000000000000000e+02 -2.742699999999999826e-03
3.208000000000000114e+02 -1.500199999999999928e-03
3.206000000000000227e+02 -5.083299999999999798e-04
3.203999999999999773e+02 1.696699999999999988e-03
3.201999999999999886e+02 2.809700000000000045e-03
3.200000000000000000e+02 2.804300000000000022e-03
3.198000000000000114e+02 -2.124899999999999879e-03
3.196000000000000227e+02 -2.875299999999999796e-04
3.193999999999999773e+02 1.923299999999999966e-03
3.191999999999999886e+02 4.393300000000000156e-03
3.190000000000000000e+02 1.536100000000000096e-03
3.188000000000000114e+02 -3.938699999999999949e-04
3.186000000000000227e+02 -1.639900000000000071e-04
3.183999999999999773e+02 3.266300000000000084e-04
3.181999999999999886e+02 1.882499999999999950e-04
3.180000000000000000e+02 2.389200000000000178e-03
3.178000000000000114e+02 3.356100000000000207e-04
3.176000000000000227e+02 -1.854399999999999972e-03
3.173999999999999773e+02 2.147200000000000150e-03
3.171999999999999886e+02 2.358199999999999966e-03
3.170000000000000000e+02 3.676200000000000127e-03
3.168000000000000114e+02 1.863099999999999912e-03
3.166000000000000227e+02 1.977700000000000204e-03
3.163999999999999773e+02 -7.297700000000000280e-04
3.161999999999999886e+02 1.641799999999999900e-03
3.160000000000000000e+02 2.333399999999999797e-03
3.158000000000000114e+02 1.014900000000000004e-03
3.156000000000000227e+02 3.004699999999999906e-03
3.153999999999999773e+02 1.397400000000000031e-03
3.151999999999999886e+02 7.848799999999999527e-04
3.150000000000000000e+02 -3.631500000000000179e-04
3.148000000000000114e+02 1.705200000000000032e-03
3.146000000000000227e+02 3.462400000000000026e-03
3.143999999999999773e+02 -5.934100000000000529e-04
3.141999999999999886e+02 2.709299999999999990e-03
3.140000000000000000e+02 -5.536099999999999528e-04
3.138000000000000114e+02 -9.239299999999999987e-04
3.136000000000000227e+02 -7.513900000000000006e-04
3.133999999999999773e+02 -1.172400000000000091e-03
3.131999999999999886e+02 4.491300000000000045e-04
3.130000000000000000e+02 -7.831000000000000070e-04
3.128000000000000114e+02 2.426900000000000064e-03
3.126000000000000227e+02 -4.183599999999999992e-04
3.123999999999999773e+02 1.437099999999999966e-03
3.121999999999999886e+02 4.285899999999999606e-03
3.120000000000000000e+02 2.904200000000000011e-03
3.118000000000000114e+02 9.434800000000000131e-04
3.116000000000000227e+02 2.027000000000000156e-03
3.113999999999999773e+02 3.383699999999999902e-03
3.111999999999999886e+02 1.331099999999999992e-03
3.110000000000000000e+02 7.921799999999999675e-04
3.108000000000000114e+02 1.191699999999999964e-03
3.106000000000000227e+02 5.582700000000000336e-03
3.103999999999999773e+02 -1.249399999999999903e-03
3.101999999999999886e+02 1.926100000000000034e-03
3.100000000000000000e+02 -5.168700000000000030e-04
3.098000000000000114e+02 -1.285700000000000081e-03
3.096000000000000227e+02 -7.862400000000000075e-04
3.093999999999999773e+02 1.051099999999999908e-03
3.091999999999999886e+02 2.115999999999999825e-03
3.090000000000000000e+02 -2.816100000000000200e-03
3.088000000000000114e+02 2.598699999999999795e-03
3.086000000000000227e+02 2.216699999999999834e-03
3.083999999999999773e+02 4.568700000000000083e-04
3.081999999999999886e+02 -1.433499999999999878e-04
3.080000000000000000e+02 2.345400000000000089e-03
3.078000000000000114e+02 -2.170899999999999913e-03
3.076000000000000227e+02 1.976200000000000005e-03
3.073999999999999773e+02 5.774699999999999582e-04
3.071999999999999886e+02 4.258700000000000137e-04
3.070000000000000000e+02 3.312899999999999808e-04
3.068000000000000114e+02 8.986299999999999800e-04
3.066000000000000227e+02 2.025899999999999966e-04
3.063999999999999773e+02 6.589599999999999928e-04
3.061999999999999886e+02 -2.861199999999999941e-03
3.060000000000000000e+02 1.141099999999999927e-03
3.058000000000000114e+02 1.374400000000000014e-03
3.056000000000000227e+02 7.370599999999999938e-04
3.053999999999999773e+02 -3.599499999999999835e-03
3.051999999999999886e+02 1.312199999999999912e-03
3.050000000000000000e+02 -2.894400000000000098e-03
3.048000000000000114e+02 -1.446400000000000029e-03
3.046000000000000227e+02 4.375000000000000091e-04
3.043999999999999773e+02 4.684600000000000244e-04
3.041999999999999886e+02 1.959600000000000144e-03
3.040000000000000000e+02 -1.638300000000000086e-03
3.038000000000000114e+02 7.559399999999999757e-04
3.036000000000000227e+02 -4.575899999999999933e-03
3.033999999999999773e+02 -9.598500000000000478e-04
3.031999999999999886e+02 -1.944699999999999944e-03
3.030000000000000000e+02 1.891999999999999910e-04
3.028000000000000114e+02 1.761100000000000035e-03
3.026000000000000227e+02 3.340800000000000106e-03
3.023999999999999773e+02 1.713700000000000076e-03
3.021999999999999886e+02 1.920700000000000011e-03
3.020000000000000000e+02 -1.649300000000000028e-03
3.018000000000000114e+02 3.083199999999999916e-03
3.016000000000000227e+02 -9.024400000000000130e-04
3.013999999999999773e+02 -1.673000000000000008e-03
3.011999999999999886e+02 -2.148900000000000029e-03
3.010000000000000000e+02 1.602399999999999918e-03
3.008000000000000114e+02 4.456099999999999840e-04
3.006000000000000227e+02 -3.484800000000000137e-03
3.003999999999999773e+02 4.572500000000000175e-03
3.001999999999999886e+02 -1.253599999999999897e-03
3.000000000000000000e+02 8.350200000000000114e-04
2.998000000000000114e+02 -2.016899999999999856e-03
2.996000000000000227e+02 4.383699999999999923e-03
2.993999999999999773e+02 -1.436099999999999887e-04
2.991999999999999886e+02 1.036599999999999935e-03
2.990000000000000000e+02 -4.899999999999999842e-05
2.988000000000000114e+02 4.654799999999999953e-04
2.986000000000000227e+02 6.800600000000000178e-04
2.983999999999999773e+02 1.063700000000000105e-03
2.981999999999999886e+02 1.184900000000000016e-03
2.980000000000000000e+02 3.145199999999999906e-03
2.978000000000000114e+02 7.163099999999999502e-04
2.976000000000000227e+02 -2.601399999999999806e-03
2.973999999999999773e+02 1.286500000000000100e-03
2.971999999999999886e+02 3.089100000000000006e-03
2.970000000000000000e+02 -1.609699999999999933e-03
2.968000000000000114e+02 1.159000000000000091e-03
2.966000000000000227e+02 1.995100000000000085e-03
2.963999999999999773e+02 -1.719299999999999995e-03
2.961999999999999886e+02 3.295600000000000092e-03
2.960000000000000000e+02 -6.494299999999999943e-04
2.958000000000000114e+02 1.995199999999999925e-03
2.956000000000000227e+02 2.936799999999999827e-03
2.953999999999999773e+02 3.640500000000000073e-03
2.951999999999999886e+02 5.409800000000000416e-04
2.950000000000000000e+02 8.097500000000000314e-04
2.948000000000000114e+02 2.185900000000000169e-03
2.946000000000000227e+02 1.517099999999999959e-03
2.943999999999999773e+02 1.951500000000000001e-04
2.941999999999999886e+02 -3.350000000000000113e-05
2.940000000000000000e+02 -2.976100000000000186e-04
2.938000000000000114e+02 1.668299999999999948e-03
2.936000000000000227e+02 3.032099999999999921e-04
2.933999999999999773e+02 3.286700000000000038e-03
2.931999999999999886e+02 3.169499999999999791e-04
2.930000000000000000e+02 1.083399999999999988e-03
2.928000000000000114e+02 9.859999999999999787e-05
2.926000000000000227e+02 5.704199999999999765e-04
2.923999999999999773e+02 3.035700000000000117e-03
2.921999999999999886e+02 -2.250700000000000010e-03
2.920000000000000000e+02 2.290799999999999954e-03
2.918000000000000114e+02 -5.090799999999999709e-04
2.916000000000000227e+02 -2.455399999999999944e-03
2.913999999999999773e+02 8.158599999999999576e-04
2.911999999999999886e+02 6.963600000000000345e-04
2.910000000000000000e+02 -2.190000000000000039e-05
2.908000000000000114e+02 5.640999999999999964e-04
2.906000000000000227e+02 2.100600000000000210e-03
2.903999999999999773e+02 4.362500000000000058e-03
2.901999999999999886e+02 -1.080000000000000014e-03
2.900000000000000000e+02 2.248999999999999914e-04
2.898000000000000114e+02 1.492999999999999969e-03
2.896000000000000227e+02 1.660299999999999970e-03
2.893999999999999773e+02 1.280300000000000058e-03
2.891999999999999886e+02 1.146300000000000053e-04
2.890000000000000000e+02 -8.320699999999999668e-04
2.888000000000000114e+02 1.069300000000000025e-03
2.886000000000000227e+02 1.323200000000000071e-03
2.883999999999999773e+02 1.998000000000000047e-04
2.881999999999999886e+02 3.757499999999999989e-03
2.880000000000000000e+02 -3.604899999999999858e-03
2.878000000000000114e+02 2.232099999999999991e-04
2.876000000000000227e+02 -5.099699999999999980e-04
2.873999999999999773e+02 5.670399999999999920e-04
2.871999999999999886e+02 1.664700000000000077e-03
2.870000000000000000e+02 3.408099999999999845e-04
2.868000000000000114e+02 7.799999999999999859e-05
2.866000000000000227e+02 6.876299999999999470e-04
2.863999999999999773e+02 4.552399999999999849e-04
2.861999999999999886e+02 -3.800000000000000209e-05
2.860000000000000000e+02 3.063999999999999883e-03
2.858000000000000114e+02 3.606799999999999850e-03
2.856000000000000227e+02 5.983299999999999990e-04
2.853999999999999773e+02 2.584599999999999832e-03
2.851999999999999886e+02 1.485800000000000011e-03
2.850000000000000000e+02 5.938999999999999835e-03
2.848000000000000114e+02 -3.235899999999999888e-03
2.846000000000000227e+02 1.195899999999999958e-03
2.843999999999999773e+02 -1.269600000000000069e-03
2.841999999999999886e+02 -1.995600000000000152e-03
2.840000000000000000e+02 4.218299999999999914e-04
2.838000000000000114e+02 1.953299999999999882e-04
2.836000000000000227e+02 4.257700000000000113e-04
2.833999999999999773e+02 4.358499999999999961e-04
2.831999999999999886e+02 3.792900000000000091e-03
2.830000000000000000e+02 1.147599999999999922e-03
2.828000000000000114e+02 -2.184100000000000017e-03
2.826000000000000227e+02 1.990000000000000015e-03
2.823999999999999773e+02 9.349999999999999587e-05
2.821999999999999886e+02 -1.210700000000000101e-03
2.820000000000000000e+02 1.732899999999999892e-03
2.818000000000000114e+02 4.970000000000000188e-05
2.816000000000000227e+02 -1.541599999999999958e-03
2.813999999999999773e+02 1.167500000000000054e-04
2.811999999999999886e+02 -5.237399999999999695e-04
2.810000000000000000e+02 5.782499999999999880e-04
2.808000000000000114e+02 -9.049900000000000479e-04
2.806000000000000227e+02 -6.589000000000000239e-04
2.803999999999999773e+02 2.073499999999999822e-03
2.801999999999999886e+02 3.353799999999999772e-04
2.800000000000000000e+02 -1.132600000000000100e-03
2.798000000000000114e+02 -2.659999999999999943e-05
2.796000000000000227e+02 1.373899999999999948e-03
2.793999999999999773e+02 -4.133100000000000120e-04
2.791999999999999886e+02 1.399000000000000070e-03
2.790000000000000000e+02 1.283000000000000069e-03
2.788000000000000114e+02 -2.974800000000000100e-03
2.786000000000000227e+02 -1.697600000000000064e-03
2.783999999999999773e+02 1.239700000000000047e-03
2.781999999999999886e+02 1.145299999999999921e-03
2.780000000000000000e+02 1.605800000000000109e-04
2.778000000000000114e+02 -1.588900000000000078e-03
2.776000000000000227e+02 1.979499999999999923e-03
2.773999999999999773e+02 -3.962399999999999603e-03
2.771999999999999886e+02 3.448099999999999950e-03
2.770000000000000000e+02 1.194299999999999919e-03
2.768000000000000114e+02 2.054199999999999950e-03
2.766000000000000227e+02 3.535599999999999854e-03
2.763999999999999773e+02 -2.373500000000000176e-03
2.761999999999999886e+02 -1.358800000000000069e-03
2.760000000000000000e+02 1.788300000000000046e-03
2.758000000000000114e+02 7.980000000000000168e-05
2.756000000000000227e+02 1.150600000000000104e-03
2.753999999999999773e+02 -2.598099999999999889e-03
2.751999999999999886e+02 -1.722500000000000073e-03
2.750000000000000000e+02 2.340500000000000132e-03
2.748000000000000114e+02 -4.034400000000000269e-04
2.746000000000000227e+02 1.765000000000000076e-03
2.743999999999999773e+02 -5.275800000000000411e-04
2.741999999999999886e+02 4.451799999999999681e-03
2.740000000000000000e+02 -2.593900000000000220e-04
2.738000000000000114e+02 2.516500000000000074e-03
2.736000000000000227e+02 2.875399999999999744e-04
2.733999999999999773e+02 2.020500000000000160e-03
2.731999999999999886e+02 9.880100000000001034e-04
2.730000000000000000e+02 1.866700000000000000e-03
2.728000000000000114e+02 -2.076600000000000060e-03
2.726000000000000227e+02 2.084200000000000028e-03
2.723999999999999773e+02 -2.966099999999999943e-04
2.721999999999999886e+02 -2.870099999999999995e-03
2.720000000000000000e+02 2.913300000000000178e-03
2.718000000000000114e+02 -6.792200000000000190e-04
2.716000000000000227e+02 -1.375300000000000090e-03
2.713999999999999773e+02 -8.888499999999999483e-04
2.711999999999999886e+02 1.404000000000000083e-03
2.710000000000000000e+02 -6.628100000000000051e-04
2.708000000000000114e+02 -6.529199999999999761e-04
2.706000000000000227e+02 -1.720000000000000066e-04
2.703999999999999773e+02 -1.003900000000000061e-03
2.701999999999999886e+02 4.514499999999999958e-04
2.700000000000000000e+02 1.397900000000000097e-03
2.698000000000000114e+02 3.080700000000000018e-03
2.696000000000000227e+02 4.594700000000000173e-03
2.693999999999999773e+02 -1.842700000000000067e-03
2.691999999999999886e+02 -5.100000000000000366e-04
2.690000000000000000e+02 3.036200000000000183e-03
2.688000000000000114e+02 4.189400000000000242e-03
2.686000000000000227e+02 -5.594999999999999930e-04
2.683999999999999773e+02 1.994199999999999792e-03
2.681999999999999886e+02 -6.495500000000000405e-04
2.680000000000000000e+02 2.706599999999999978e-03
2.678000000000000114e+02 -1.042900000000000034e-03
2.676000000000000227e+02 2.442199999999999840e-03
2.673999999999999773e+02 -5.301200000000000270e-04
2.671999999999999886e+02 9.540000000000000140e-05
2.670000000000000000e+02 3.645300000000000189e-03
2.668000000000000114e+02 2.053099999999999977e-03
2.666000000000000227e+02 -2.109799999999999783e-03
2.663999999999999773e+02 -1.874699999999999978e-03
2.661999999999999886e+02 3.518499999999999926e-03
2.660000000000000000e+02 -2.835299999999999800e-03
2.658000000000000114e+02 -3.698100000000000172e-03
2.656000000000000227e+02 1.139999999999999954e-03
2.653999999999999773e+02 1.407599999999999954e-03
2.651999999999999886e+02 1.274900000000000035e-03
2.650000000000000000e+02 5.016500000000000126e-03
2.648000000000000114e+02 1.997099999999999917e-03
2.646000000000000227e+02 -1.530600000000000016e-04
2.643999999999999773e+02 -4.128900000000000126e-04
2.641999999999999886e+02 3.180500000000000167e-03
2.640000000000000000e+02 2.319400000000000107e-03
2.638000000000000114e+02 -7.306100000000000268e-04
2.636000000000000227e+02 6.125699999999999982e-04
2.633999999999999773e+02 -6.715500000000000332e-04
2.631999999999999886e+02 3.031199999999999953e-03
2.630000000000000000e+02 -3.249400000000000161e-04
2.628000000000000114e+02 3.863099999999999954e-03
2.626000000000000227e+02 1.866799999999999948e-04
2.623999999999999773e+02 5.682399999999999778e-03
2.621999999999999886e+02 1.099200000000000047e-03
2.620000000000000000e+02 8.303899999999999693e-04
2.618000000000000114e+02 -2.430000000000000112e-05
2.616000000000000227e+02 1.310399999999999976e-03
2.613999999999999773e+02 7.519999999999999829e-05
2.611999999999999886e+02 -2.357600000000000060e-03
2.610000000000000000e+02 3.711400000000000116e-03
2.608000000000000114e+02 -1.016999999999999892e-03
2.606000000000000227e+02 1.044100000000000063e-03
2.603999999999999773e+02 3.902099999999999926e-03
2.601999999999999886e+02 2.843399999999999834e-03
2.600000000000000000e+02 1.393799999999999943e-03
2.598000000000000114e+02 -4.152299999999999936e-04
2.596000000000000227e+02 1.843999999999999936e-03
2.593999999999999773e+02 -1.694500000000000043e-03
2.591999999999999886e+02 -1.276199999999999904e-03
2.590000000000000000e+02 3.169400000000000168e-03
2.588000000000000114e+02 1.438899999999999901e-03
2.586000000000000227e+02 -7.293199999999999900e-04
2.583999999999999773e+02 -4.101099999999999884e-03
2.581999999999999886e+02 3.397400000000000073e-03
2.580000000000000000e+02 1.085599999999999933e-03
2.578000000000000114e+02 7.160000000000000565e-05
2.576000000000000227e+02 -4.366599999999999995e-03
2.573999999999999773e+02 4.024699999999999979e-03
2.571999999999999886e+02 1.912499999999999921e-03
2.570000000000000000e+02 -1.440000000000000036e-04
2.568000000000000114e+02 1.919699999999999933e-04
2.566000000000000227e+02 1.925499999999999911e-04
2.563999999999999773e+02 -8.924000000000000075e-04
2.561999999999999886e+02 -7.576100000000000325e-04
2.560000000000000000e+02 -2.203800000000000116e-03
2.558000000000000114e+02 -2.688700000000000031e-03
2.555999999999999943e+02 1.043899999999999949e-03
2.554000000000000057e+02 3.429199999999999870e-03
2.551999999999999886e+02 4.701300000000000270e-03
2.550000000000000000e+02 -1.809300000000000014e-03
2.548000000000000114e+02 -2.383500000000000202e-03
2.545999999999999943e+02 1.608700000000000017e-03
2.544000000000000057e+02 1.693899999999999920e-03
2.541999999999999886e+02 2.292900000000000060e-03
2.540000000000000000e+02 -1.159799999999999894e-03
2.538000000000000114e+02 2.696599999999999952e-03
2.535999999999999943e+02 -2.164899999999999984e-03
2.534000000000000057e+02 -4.715400000000000017e-04
2.531999999999999886e+02 -1.603500000000000108e-03
2.530000000000000000e+02 2.601399999999999806e-03
2.528000000000000114e+02 2.414499999999999980e-03
2.525999999999999943e+02 8.434500000000000374e-04
2.524000000000000057e+02 -2.667699999999999846e-03
2.521999999999999886e+02 2.200600000000000039e-03
2.520000000000000000e+02 -9.976200000000000605e-04
2.518000000000000114e+02 1.454100000000000054e-03
2.515999999999999943e+02 1.211599999999999960e-03
2.514000000000000057e+02 5.845400000000000379e-04
2.511999999999999886e+02 5.708099999999999806e-03
2.510000000000000000e+02 2.417199999999999991e-03
2.508000000000000114e+02 1.654199999999999985e-03
2.505999999999999943e+02 1.287799999999999969e-03
2.504000000000000057e+02 3.444400000000000022e-04
2.501999999999999886e+02 -4.500000000000000283e-05
